asset,category,quality,mode,candidate_ms,qoa_ms,candidate_over_qoa_time,decoded_identical
bandcamp/allegaeon-beasts-and-worms.wav,bandcamp,high,checked,30.6108,38.6715,0.7915596757301889,True
bandcamp/allegaeon-beasts-and-worms.wav,bandcamp,medium,checked,32.4805,38.6715,0.839907942541665,True
bandcamp/allegaeon-beasts-and-worms.wav,bandcamp,low,checked,32.2629,38.6715,0.8342810596951243,True
bandcamp/darkside_narrow_road.wav,bandcamp,high,checked,29.3293,36.7471,0.7981391728871121,True
bandcamp/darkside_narrow_road.wav,bandcamp,medium,checked,29.242,36.7471,0.7957634752130099,True
bandcamp/darkside_narrow_road.wav,bandcamp,low,checked,29.2151,36.7471,0.7950314446582178,True
bandcamp/forest_swords_annekas_battle.wav,bandcamp,high,checked,28.8192,35.6642,0.808070838543974,True
bandcamp/forest_swords_annekas_battle.wav,bandcamp,medium,checked,28.1841,35.6642,0.790263064922247,True
bandcamp/forest_swords_annekas_battle.wav,bandcamp,low,checked,28.6059,35.6642,0.8020900510876452,True
bandcamp/four_tet_baby.wav,bandcamp,high,checked,13.5619,16.8569,0.8045310822274558,True
bandcamp/four_tet_baby.wav,bandcamp,medium,checked,13.9177,16.8569,0.8256381659735776,True
bandcamp/four_tet_baby.wav,bandcamp,low,checked,13.8264,16.8569,0.8202219862489545,True
bandcamp/inverse_phase_atarible_lie.wav,bandcamp,high,checked,12.0562,14.7284,0.8185682083593602,True
bandcamp/inverse_phase_atarible_lie.wav,bandcamp,medium,checked,12.5464,14.7284,0.8518508459846283,True
bandcamp/inverse_phase_atarible_lie.wav,bandcamp,low,checked,11.8271,14.7284,0.803013226148122,True
bandcamp/julien_baker_sprained_ankle.wav,bandcamp,high,checked,11.0311,14.2426,0.7745144847148695,True
bandcamp/julien_baker_sprained_ankle.wav,bandcamp,medium,checked,11.0691,14.2426,0.7771825368963533,True
bandcamp/julien_baker_sprained_ankle.wav,bandcamp,low,checked,11.0846,14.2426,0.7782708213388005,True
bandcamp/lorn_drawn_out_like_an_ache.wav,bandcamp,high,checked,8.7312,10.8427,0.8052606823023785,True
bandcamp/lorn_drawn_out_like_an_ache.wav,bandcamp,medium,checked,8.67335,10.8427,0.7999252953600117,True
bandcamp/lorn_drawn_out_like_an_ache.wav,bandcamp,low,checked,8.6288,10.8427,0.7958165401606611,True
bandcamp/nils_frahm_all_melody.wav,bandcamp,high,checked,20.3402,25.0405,0.8122920868193526,True
bandcamp/nils_frahm_all_melody.wav,bandcamp,medium,checked,20.1323,25.0405,0.8039895369501407,True
bandcamp/nils_frahm_all_melody.wav,bandcamp,low,checked,20.2526,25.0405,0.8087937541183283,True
bandcamp/planes_mistaken_for_stars_one_fucked_pony.wav,bandcamp,high,checked,12.3096,15.3227,0.8033571106919799,True
bandcamp/planes_mistaken_for_stars_one_fucked_pony.wav,bandcamp,medium,checked,13.493,15.3227,0.8805889301493862,True
bandcamp/planes_mistaken_for_stars_one_fucked_pony.wav,bandcamp,low,checked,12.58,15.3227,0.8210041311257155,True
bandcamp/whalerider_devil_got_me.wav,bandcamp,high,checked,20.2515,26.0104,0.77859240919017,True
bandcamp/whalerider_devil_got_me.wav,bandcamp,medium,checked,22.355,26.0104,0.8594639067449943,True
bandcamp/whalerider_devil_got_me.wav,bandcamp,low,checked,20.956,26.0104,0.8056777289084366,True
oculus_audio_pack/Indoor_drawer_close_02.wav,oculus_audio_pack,high,checked,0.12594,0.143064286,0.8803035580801766,True
oculus_audio_pack/Indoor_drawer_close_02.wav,oculus_audio_pack,medium,checked,0.129469231,0.143064286,0.9049724052025114,True
oculus_audio_pack/Indoor_drawer_close_02.wav,oculus_audio_pack,low,checked,0.12588875,0.143064286,0.8799453275152122,True
oculus_audio_pack/Indoor_fan_off.wav,oculus_audio_pack,high,checked,0.702,0.775115385,0.9056716117175251,True
oculus_audio_pack/Indoor_fan_off.wav,oculus_audio_pack,medium,checked,0.674873333,0.775115385,0.870674671229755,True
oculus_audio_pack/Indoor_fan_off.wav,oculus_audio_pack,low,checked,0.679906667,0.775115385,0.8771683289449868,True
oculus_audio_pack/Indoor_switch_small_on_01.wav,oculus_audio_pack,high,checked,0.041056148,0.045729224,0.8978098556844087,True
oculus_audio_pack/Indoor_switch_small_on_01.wav,oculus_audio_pack,medium,checked,0.040844082,0.045729224,0.8931724273300592,True
oculus_audio_pack/Indoor_switch_small_on_01.wav,oculus_audio_pack,low,checked,0.040437903,0.045729224,0.8842901642065913,True
oculus_audio_pack/action_drop_coin_01.wav,oculus_audio_pack,high,checked,0.075502256,0.084130252,0.8974447859730648,True
oculus_audio_pack/action_drop_coin_01.wav,oculus_audio_pack,medium,checked,0.074810448,0.084130252,0.8892217272806933,True
oculus_audio_pack/action_drop_coin_01.wav,oculus_audio_pack,low,checked,0.073972059,0.084130252,0.8792563583430132,True
oculus_audio_pack/action_drop_paper_ball.wav,oculus_audio_pack,high,checked,0.108637634,0.1256875,0.8643471626056688,True
oculus_audio_pack/action_drop_paper_ball.wav,oculus_audio_pack,medium,checked,0.110734066,0.1256875,0.8810268801591248,True
oculus_audio_pack/action_drop_paper_ball.wav,oculus_audio_pack,low,checked,0.107937634,0.1256875,0.8587777941322725,True
oculus_audio_pack/action_shell_casing_on_grass_01.wav,oculus_audio_pack,high,checked,0.044009649,0.050691919,0.8681787919687948,True
oculus_audio_pack/action_shell_casing_on_grass_01.wav,oculus_audio_pack,medium,checked,0.044085463,0.050691919,0.8696743755153558,True
oculus_audio_pack/action_shell_casing_on_grass_01.wav,oculus_audio_pack,low,checked,0.043355844,0.050691919,0.8552811741058767,True
oculus_audio_pack/action_sword_scrape_02.wav,oculus_audio_pack,high,checked,0.121127711,0.138067123,0.8773103137667321,True
oculus_audio_pack/action_sword_scrape_02.wav,oculus_audio_pack,medium,checked,0.118911765,0.138067123,0.861260540642974,True
oculus_audio_pack/action_sword_scrape_02.wav,oculus_audio_pack,low,checked,0.117855294,0.138067123,0.8536086755425474,True
oculus_audio_pack/action_typing.wav,oculus_audio_pack,high,checked,1.663871429,1.908733333,0.8717149746553936,True
oculus_audio_pack/action_typing.wav,oculus_audio_pack,medium,checked,1.644728571,1.908733333,0.8616858848558705,True
oculus_audio_pack/action_typing.wav,oculus_audio_pack,low,checked,1.636914286,1.908733333,0.8575919211444923,True
oculus_audio_pack/ambience_forest_birds_02.wav,oculus_audio_pack,high,checked,0.65579375,0.741814286,0.884040335130456,True
oculus_audio_pack/ambience_forest_birds_02.wav,oculus_audio_pack,medium,checked,0.6619,0.741814286,0.8922718428207785,True
oculus_audio_pack/ambience_forest_birds_02.wav,oculus_audio_pack,low,checked,0.63400625,0.741814286,0.8546697764728678,True
oculus_audio_pack/ambience_forest_birds_03.wav,oculus_audio_pack,high,checked,0.272940541,0.3143125,0.8683731668323722,True
oculus_audio_pack/ambience_forest_birds_03.wav,oculus_audio_pack,medium,checked,0.271916216,0.3143125,0.8651142286736926,True
oculus_audio_pack/ambience_forest_birds_03.wav,oculus_audio_pack,low,checked,0.268239474,0.3143125,0.8534165010936567,True
oculus_audio_pack/ambient_city_rain_lp.wav,oculus_audio_pack,high,checked,9.2609,11.2142,0.8258190508462485,True
oculus_audio_pack/ambient_city_rain_lp.wav,oculus_audio_pack,medium,checked,9.1675,11.2142,0.8174903247668135,True
oculus_audio_pack/ambient_city_rain_lp.wav,oculus_audio_pack,low,checked,9.1559,11.2142,0.8164559219560915,True
oculus_audio_pack/ambient_farm_generic_lp.wav,oculus_audio_pack,high,checked,18.3118,22.8639,0.8009044826123277,True
oculus_audio_pack/ambient_farm_generic_lp.wav,oculus_audio_pack,medium,checked,18.2837,22.8639,0.7996754709389037,True
oculus_audio_pack/ambient_farm_generic_lp.wav,oculus_audio_pack,low,checked,18.0926,22.8639,0.7913173168182156,True
oculus_audio_pack/ambient_night_lp.wav,oculus_audio_pack,high,checked,9.232,11.6578,0.7919161419821922,True
oculus_audio_pack/ambient_night_lp.wav,oculus_audio_pack,medium,checked,9.30235,11.6578,0.7979507282677692,True
oculus_audio_pack/ambient_night_lp.wav,oculus_audio_pack,low,checked,9.37315,11.6578,0.8040239153184993,True
oculus_audio_pack/ambient_water_lake_shore_01_lp.wav,oculus_audio_pack,high,checked,9.228,11.5874,0.7963822773012065,True
oculus_audio_pack/ambient_water_lake_shore_01_lp.wav,oculus_audio_pack,medium,checked,9.83775,11.5874,0.8490040906501889,True
oculus_audio_pack/ambient_water_lake_shore_01_lp.wav,oculus_audio_pack,low,checked,9.0324,11.5874,0.7795018727238208,True
oculus_audio_pack/ambient_wind_chimes_lp_01.wav,oculus_audio_pack,high,checked,2.8434,3.25425,0.8737497119151878,True
oculus_audio_pack/ambient_wind_chimes_lp_01.wav,oculus_audio_pack,medium,checked,2.8097,3.25425,0.8633940232004302,True
oculus_audio_pack/ambient_wind_chimes_lp_01.wav,oculus_audio_pack,low,checked,2.7949,3.25425,0.8588461242989938,True
oculus_audio_pack/ambient_wood_cut_axe.wav,oculus_audio_pack,high,checked,1.664742857,1.854316667,0.897766215785192,True
oculus_audio_pack/ambient_wood_cut_axe.wav,oculus_audio_pack,medium,checked,1.634671429,1.854316667,0.8815492294768874,True
oculus_audio_pack/ambient_wood_cut_axe.wav,oculus_audio_pack,low,checked,1.627242857,1.854316667,0.877543132712402,True
oculus_audio_pack/body_movement_clothing_generic_04.wav,oculus_audio_pack,high,checked,0.087024348,0.096224038,0.9043930166389401,True
oculus_audio_pack/body_movement_clothing_generic_04.wav,oculus_audio_pack,medium,checked,0.087903509,0.096224038,0.9135296213613485,True
oculus_audio_pack/body_movement_clothing_generic_04.wav,oculus_audio_pack,low,checked,0.085233898,0.096224038,0.8857859197303692,True
oculus_audio_pack/body_movement_withGear_03.wav,oculus_audio_pack,high,checked,0.087127826,0.096669231,0.9012984286592702,True
oculus_audio_pack/body_movement_withGear_03.wav,oculus_audio_pack,medium,checked,0.086817241,0.096669231,0.8980855656129095,True
oculus_audio_pack/body_movement_withGear_03.wav,oculus_audio_pack,low,checked,0.085847863,0.096669231,0.8880577833499058,True
oculus_audio_pack/bounce_cartoony_03.wav,oculus_audio_pack,high,checked,0.132248684,0.145692754,0.9077231390656532,True
oculus_audio_pack/bounce_cartoony_03.wav,oculus_audio_pack,medium,checked,0.128024051,0.145692754,0.8787262748839245,True
oculus_audio_pack/bounce_cartoony_03.wav,oculus_audio_pack,low,checked,0.126653165,0.145692754,0.8693168433071147,True
oculus_audio_pack/car_engine_high_lp.wav,oculus_audio_pack,high,checked,0.353965517,0.394284615,0.8977411330137749,True
oculus_audio_pack/car_engine_high_lp.wav,oculus_audio_pack,medium,checked,0.406004,0.394284615,1.0297231607680153,True
oculus_audio_pack/car_engine_high_lp.wav,oculus_audio_pack,low,checked,0.357617857,0.394284615,0.9070043399994189,True
oculus_audio_pack/car_start_run_stop_01.wav,oculus_audio_pack,high,checked,0.973954545,1.08159,0.9004840512578703,True
oculus_audio_pack/car_start_run_stop_01.wav,oculus_audio_pack,medium,checked,0.943872727,1.08159,0.8726714623840827,True
oculus_audio_pack/car_start_run_stop_01.wav,oculus_audio_pack,low,checked,0.955227273,1.08159,0.8831694754944109,True
oculus_audio_pack/car_trunk_close.wav,oculus_audio_pack,high,checked,0.066083553,0.07519403,0.8788404212408885,True
oculus_audio_pack/car_trunk_close.wav,oculus_audio_pack,medium,checked,0.067152349,0.07519403,0.8930542624195034,True
oculus_audio_pack/car_trunk_close.wav,oculus_audio_pack,low,checked,0.064691613,0.07519403,0.8603291112339636,True
oculus_audio_pack/creepy_blood_squish_slimy_03.wav,oculus_audio_pack,high,checked,0.281044444,0.311966667,0.9008797212299609,True
oculus_audio_pack/creepy_blood_squish_slimy_03.wav,oculus_audio_pack,medium,checked,0.281138889,0.311966667,0.9011824619070602,True
oculus_audio_pack/creepy_blood_squish_slimy_03.wav,oculus_audio_pack,low,checked,0.273894595,0.311966667,0.8779610899904253,True
oculus_audio_pack/creepy_chains_02.wav,oculus_audio_pack,high,checked,0.386453846,0.4222,0.9153336001894836,True
oculus_audio_pack/creepy_chains_02.wav,oculus_audio_pack,medium,checked,0.380859259,0.4222,0.9020825651350071,True
oculus_audio_pack/creepy_chains_02.wav,oculus_audio_pack,low,checked,0.371248148,0.4222,0.8793182093794409,True
oculus_audio_pack/creepy_creature_03.wav,oculus_audio_pack,high,checked,0.25214,0.280541667,0.8987613237501721,True
oculus_audio_pack/creepy_creature_03.wav,oculus_audio_pack,medium,checked,0.2559225,0.280541667,0.9122441694195822,True
oculus_audio_pack/creepy_creature_03.wav,oculus_audio_pack,low,checked,0.247170732,0.280541667,0.8810482045078887,True
oculus_audio_pack/creepy_drone_02.wav,oculus_audio_pack,high,checked,12.0594,14.9981,0.804061847834059,True
oculus_audio_pack/creepy_drone_02.wav,oculus_audio_pack,medium,checked,12.0432,14.9981,0.8029817110167288,True
oculus_audio_pack/creepy_drone_02.wav,oculus_audio_pack,low,checked,12.0438,14.9981,0.8030217160840372,True
oculus_audio_pack/creepy_impacts_reverb_01.wav,oculus_audio_pack,high,checked,0.383274074,0.427895833,0.8957181735396802,True
oculus_audio_pack/creepy_impacts_reverb_01.wav,oculus_audio_pack,medium,checked,0.376111111,0.427895833,0.8789782044921199,True
oculus_audio_pack/creepy_impacts_reverb_01.wav,oculus_audio_pack,low,checked,0.374355556,0.427895833,0.8748754419396273,True
oculus_audio_pack/creepy_scratch_02.wav,oculus_audio_pack,high,checked,0.195134615,0.215091489,0.9072168122840045,True
oculus_audio_pack/creepy_scratch_02.wav,oculus_audio_pack,medium,checked,0.196503922,0.215091489,0.9135829730575717,True
oculus_audio_pack/creepy_scratch_02.wav,oculus_audio_pack,low,checked,0.188448148,0.215091489,0.8761301940682553,True
oculus_audio_pack/creepy_skull_cracking_02.wav,oculus_audio_pack,high,checked,0.170681356,0.193457692,0.8822670953812476,True
oculus_audio_pack/creepy_skull_cracking_02.wav,oculus_audio_pack,medium,checked,0.171761017,0.193457692,0.8878479590255838,True
oculus_audio_pack/creepy_skull_cracking_02.wav,oculus_audio_pack,low,checked,0.170828814,0.193457692,0.8830293188859092,True
oculus_audio_pack/creepy_whispers_01.wav,oculus_audio_pack,high,checked,0.488666667,0.555977778,0.8789320119193684,True
oculus_audio_pack/creepy_whispers_01.wav,oculus_audio_pack,medium,checked,0.487642857,0.555977778,0.877090553428558,True
oculus_audio_pack/creepy_whispers_01.wav,oculus_audio_pack,low,checked,0.473027273,0.555977778,0.8508024811739868,True
oculus_audio_pack/door_lock_key_03.wav,oculus_audio_pack,high,checked,0.179608929,0.206359184,0.8703704168553021,True
oculus_audio_pack/door_lock_key_03.wav,oculus_audio_pack,medium,checked,0.182909091,0.206359184,0.8863627363442181,True
oculus_audio_pack/door_lock_key_03.wav,oculus_audio_pack,low,checked,0.181533929,0.206359184,0.8796988119511076,True
oculus_audio_pack/doors_frontdoor_open_01.wav,oculus_audio_pack,high,checked,0.05334734,0.061761728,0.8637604828673188,True
oculus_audio_pack/doors_frontdoor_open_01.wav,oculus_audio_pack,medium,checked,0.054567391,0.061761728,0.8835146419478418,True
oculus_audio_pack/doors_frontdoor_open_01.wav,oculus_audio_pack,low,checked,0.053925806,0.061761728,0.8731265744378136,True
oculus_audio_pack/doors_office_doorknob_01.wav,oculus_audio_pack,high,checked,0.064558065,0.071430714,0.9037858000411418,True
oculus_audio_pack/doors_office_doorknob_01.wav,oculus_audio_pack,medium,checked,0.06575098,0.071430714,0.9204861090986715,True
oculus_audio_pack/doors_office_doorknob_01.wav,oculus_audio_pack,low,checked,0.066151974,0.071430714,0.9260998567086981,True
oculus_audio_pack/doors_sliding_lock_01.wav,oculus_audio_pack,high,checked,0.043124569,0.048916098,0.8816028007794081,True
oculus_audio_pack/doors_sliding_lock_01.wav,oculus_audio_pack,medium,checked,0.043846725,0.048916098,0.8963659570720462,True
oculus_audio_pack/doors_sliding_lock_01.wav,oculus_audio_pack,low,checked,0.042618298,0.048916098,0.8712530177693242,True
oculus_audio_pack/footsteps_shoe_concrete_run_04.wav,oculus_audio_pack,high,checked,0.013983659,0.015873492,0.8809440922010104,True
oculus_audio_pack/footsteps_shoe_concrete_run_04.wav,oculus_audio_pack,medium,checked,0.014213068,0.015873492,0.8953964256888151,True
oculus_audio_pack/footsteps_shoe_concrete_run_04.wav,oculus_audio_pack,low,checked,0.013559892,0.015873492,0.8542475719898307,True
oculus_audio_pack/footsteps_shoe_dirt_run_03.wav,oculus_audio_pack,high,checked,0.031540252,0.035574823,0.8865891476115004,True
oculus_audio_pack/footsteps_shoe_dirt_run_03.wav,oculus_audio_pack,medium,checked,0.032438188,0.035574823,0.9118299197159745,True
oculus_audio_pack/footsteps_shoe_dirt_run_03.wav,oculus_audio_pack,low,checked,0.03138652,0.035574823,0.8822677768488125,True
oculus_audio_pack/footsteps_shoe_grass_run_02.wav,oculus_audio_pack,high,checked,0.033694276,0.036090288,0.9336106156869683,True
oculus_audio_pack/footsteps_shoe_grass_run_02.wav,oculus_audio_pack,medium,checked,0.03376936,0.036090288,0.9356910645877916,True
oculus_audio_pack/footsteps_shoe_grass_run_02.wav,oculus_audio_pack,low,checked,0.033716498,0.036090288,0.9342263492050825,True
oculus_audio_pack/footsteps_shoe_grass_walk_05.wav,oculus_audio_pack,high,checked,0.066471523,0.072307914,0.919284201726522,True
oculus_audio_pack/footsteps_shoe_grass_walk_05.wav,oculus_audio_pack,medium,checked,0.065909211,0.072307914,0.9115075702501941,True
oculus_audio_pack/footsteps_shoe_grass_walk_05.wav,oculus_audio_pack,low,checked,0.065503268,0.072307914,0.9058934821436005,True
oculus_audio_pack/footsteps_shoe_metal_run_04.wav,oculus_audio_pack,high,checked,0.023949522,0.025778866,0.9290370647025358,True
oculus_audio_pack/footsteps_shoe_metal_run_04.wav,oculus_audio_pack,medium,checked,0.023924163,0.025778866,0.9280533519201348,True
oculus_audio_pack/footsteps_shoe_metal_run_04.wav,oculus_audio_pack,low,checked,0.023875179,0.025778866,0.9261531907571109,True
oculus_audio_pack/footsteps_shoe_snow_walk_03.wav,oculus_audio_pack,high,checked,0.073874265,0.07816875,0.9450613576397218,True
oculus_audio_pack/footsteps_shoe_snow_walk_03.wav,oculus_audio_pack,medium,checked,0.07263913,0.07816875,0.929260478132246,True
oculus_audio_pack/footsteps_shoe_snow_walk_03.wav,oculus_audio_pack,low,checked,0.072123022,0.07816875,0.9226579931238507,True
oculus_audio_pack/indoor_hydraulic_01.wav,oculus_audio_pack,high,checked,0.408672,0.436665217,0.9358931833583621,True
oculus_audio_pack/indoor_hydraulic_01.wav,oculus_audio_pack,medium,checked,0.402388,0.436665217,0.9215022958881565,True
oculus_audio_pack/indoor_hydraulic_01.wav,oculus_audio_pack,low,checked,0.400408,0.436665217,0.9169679296897146,True
oculus_audio_pack/indoor_lever_pull_03.wav,oculus_audio_pack,high,checked,0.078184375,0.088328947,0.8851500856225536,True
oculus_audio_pack/indoor_lever_pull_03.wav,oculus_audio_pack,medium,checked,0.078922047,0.088328947,0.8935015040992167,True
oculus_audio_pack/indoor_lever_pull_03.wav,oculus_audio_pack,low,checked,0.079267717,0.088328947,0.8974149437103558,True
oculus_audio_pack/interaction_book_page_turns.wav,oculus_audio_pack,high,checked,0.357982143,0.379851852,0.9424256881074783,True
oculus_audio_pack/interaction_book_page_turns.wav,oculus_audio_pack,medium,checked,0.355917241,0.379851852,0.9369896161517202,True
oculus_audio_pack/interaction_book_page_turns.wav,oculus_audio_pack,low,checked,0.346141379,0.379851852,0.9112536300073115,True
oculus_audio_pack/interaction_faucet_on.wav,oculus_audio_pack,high,checked,0.100317,0.108816304,0.9218931016072739,True
oculus_audio_pack/interaction_faucet_on.wav,oculus_audio_pack,medium,checked,0.101270707,0.108816304,0.9306574775779923,True
oculus_audio_pack/interaction_faucet_on.wav,oculus_audio_pack,low,checked,0.098845098,0.108816304,0.9083666175612802,True
oculus_audio_pack/interaction_knapsack_nylon_close.wav,oculus_audio_pack,high,checked,0.11975,0.129938462,0.9215900985498812,True
oculus_audio_pack/interaction_knapsack_nylon_close.wav,oculus_audio_pack,medium,checked,0.120813253,0.129938462,0.9297728412392628,True
oculus_audio_pack/interaction_knapsack_nylon_close.wav,oculus_audio_pack,low,checked,0.121443373,0.129938462,0.9346222137060541,True
oculus_audio_pack/interaction_magic_spell_01.wav,oculus_audio_pack,high,checked,0.223162222,0.236174419,0.9449042912644997,True
oculus_audio_pack/interaction_magic_spell_01.wav,oculus_audio_pack,medium,checked,0.220191304,0.236174419,0.9323249526020851,True
oculus_audio_pack/interaction_magic_spell_01.wav,oculus_audio_pack,low,checked,0.218280435,0.236174419,0.9242340297659417,True
oculus_audio_pack/interaction_valve_01_turn.wav,oculus_audio_pack,high,checked,0.082058197,0.090823423,0.9034915695701097,True
oculus_audio_pack/interaction_valve_01_turn.wav,oculus_audio_pack,medium,checked,0.083167769,0.090823423,0.9157083740391507,True
oculus_audio_pack/interaction_valve_01_turn.wav,oculus_audio_pack,low,checked,0.082398361,0.090823423,0.9072369029738067,True
oculus_audio_pack/interaction_whoosh_medium_02.wav,oculus_audio_pack,high,checked,0.022398658,0.024353285,0.9197386718054669,True
oculus_audio_pack/interaction_whoosh_medium_02.wav,oculus_audio_pack,medium,checked,0.022592099,0.024353285,0.9276817891302961,True
oculus_audio_pack/interaction_whoosh_medium_02.wav,oculus_audio_pack,low,checked,0.022163274,0.024353285,0.9100732816948515,True
oculus_audio_pack/machine_power_tool_04.wav,oculus_audio_pack,high,checked,0.936036364,1.03863,0.9012221522582633,True
oculus_audio_pack/machine_power_tool_04.wav,oculus_audio_pack,medium,checked,0.925609091,1.03863,0.8911827031762996,True
oculus_audio_pack/machine_power_tool_04.wav,oculus_audio_pack,low,checked,0.949109091,1.03863,0.9138086623725484,True
oculus_audio_pack/sting_acoustic_guit_pos_01.wav,oculus_audio_pack,high,checked,0.738921429,0.936454545,0.7890627825400751,True
oculus_audio_pack/sting_acoustic_guit_pos_01.wav,oculus_audio_pack,medium,checked,0.748778571,0.936454545,0.7995888054555814,True
oculus_audio_pack/sting_acoustic_guit_pos_01.wav,oculus_audio_pack,low,checked,0.751092857,0.936454545,0.8020601330948742,True
oculus_audio_pack/sting_banjo_humorous_02.wav,oculus_audio_pack,high,checked,0.64393125,0.809576923,0.7953922989971393,True
oculus_audio_pack/sting_banjo_humorous_02.wav,oculus_audio_pack,medium,checked,0.639775,0.809576923,0.7902584446567779,True
oculus_audio_pack/sting_banjo_humorous_02.wav,oculus_audio_pack,low,checked,0.63520625,0.809576923,0.7846150649232377,True
oculus_audio_pack/sting_loss_mallet.wav,oculus_audio_pack,high,checked,0.805530769,1.01888,0.7906041624136306,True
oculus_audio_pack/sting_loss_mallet.wav,oculus_audio_pack,medium,checked,0.805015385,1.01888,0.7900983285568468,True
oculus_audio_pack/sting_loss_mallet.wav,oculus_audio_pack,low,checked,0.808,1.01888,0.7930276381909548,True
oculus_audio_pack/sting_loss_piano.wav,oculus_audio_pack,high,checked,0.818353846,1.03312,0.7921188690568376,True
oculus_audio_pack/sting_loss_piano.wav,oculus_audio_pack,medium,checked,0.820969231,1.03312,0.794650409439368,True
oculus_audio_pack/sting_loss_piano.wav,oculus_audio_pack,low,checked,0.803292308,1.03312,0.7775401773269319,True
oculus_audio_pack/sting_victory_mallet.wav,oculus_audio_pack,high,checked,0.813969231,0.991481818,0.8209623376068808,True
oculus_audio_pack/sting_victory_mallet.wav,oculus_audio_pack,medium,checked,0.843158333,0.991481818,0.850402213830612,True
oculus_audio_pack/sting_victory_mallet.wav,oculus_audio_pack,low,checked,0.784069231,0.991481818,0.7908054557990897,True
oculus_audio_pack/sting_victory_orch_03.wav,oculus_audio_pack,high,checked,1.234066667,1.502442857,0.821373446085078,True
oculus_audio_pack/sting_victory_orch_03.wav,oculus_audio_pack,medium,checked,1.244422222,1.502442857,0.8282659245256075,True
oculus_audio_pack/sting_victory_orch_03.wav,oculus_audio_pack,low,checked,1.218155556,1.502442857,0.8107832855835528,True
oculus_audio_pack/sting_xp_level_up_orch_01.wav,oculus_audio_pack,high,checked,0.417554167,0.5162,0.8088999748159628,True
oculus_audio_pack/sting_xp_level_up_orch_01.wav,oculus_audio_pack,medium,checked,0.417016667,0.5162,0.8078587117396359,True
oculus_audio_pack/sting_xp_level_up_orch_01.wav,oculus_audio_pack,low,checked,0.406308,0.5162,0.78711352189074,True
oculus_audio_pack/swoosh_03.wav,oculus_audio_pack,high,checked,0.069772917,0.075255639,0.9271453664754611,True
oculus_audio_pack/swoosh_03.wav,oculus_audio_pack,medium,checked,0.069235862,0.075255639,0.9200089577340509,True
oculus_audio_pack/swoosh_03.wav,oculus_audio_pack,low,checked,0.068805479,0.075255639,0.9142900108787861,True
oculus_audio_pack/ui_casual_musical_open.wav,oculus_audio_pack,high,checked,0.098596078,0.104933333,0.9396068454244182,True
oculus_audio_pack/ui_casual_musical_open.wav,oculus_audio_pack,medium,checked,0.098333333,0.104933333,0.9371029222906699,True
oculus_audio_pack/ui_casual_musical_open.wav,oculus_audio_pack,low,checked,0.095371429,0.104933333,0.9088763910701282,True
oculus_audio_pack/ui_laser_shoot_02.wav,oculus_audio_pack,high,checked,0.073339416,0.080820161,0.9074396176963815,True
oculus_audio_pack/ui_laser_shoot_02.wav,oculus_audio_pack,medium,checked,0.074086667,0.080820161,0.9166854666374643,True
oculus_audio_pack/ui_laser_shoot_02.wav,oculus_audio_pack,low,checked,0.073132847,0.080820161,0.904883708410331,True
oculus_audio_pack/ui_magical_open.wav,oculus_audio_pack,high,checked,0.1564,0.172061017,0.9089798649742957,True
oculus_audio_pack/ui_magical_open.wav,oculus_audio_pack,medium,checked,0.155024615,0.172061017,0.9009862762812799,True
oculus_audio_pack/ui_magical_open.wav,oculus_audio_pack,low,checked,0.154787692,0.172061017,0.8996093054593534,True
oculus_audio_pack/ui_metal_open.wav,oculus_audio_pack,high,checked,0.084276471,0.089859821,0.9378660013133122,True
oculus_audio_pack/ui_metal_open.wav,oculus_audio_pack,medium,checked,0.086712069,0.089859821,0.9649704176463917,True
oculus_audio_pack/ui_metal_open.wav,oculus_audio_pack,low,checked,0.08195122,0.089859821,0.9119895754076786,True
oculus_audio_pack/ui_notification_03.wav,oculus_audio_pack,high,checked,0.048603398,0.05225625,0.9300973185025715,True
oculus_audio_pack/ui_notification_03.wav,oculus_audio_pack,medium,checked,0.04898,0.05225625,0.9373041502212655,True
oculus_audio_pack/ui_notification_03.wav,oculus_audio_pack,low,checked,0.047937799,0.05225625,0.9173601052505682,True
oculus_audio_pack/ui_powerup_01.wav,oculus_audio_pack,high,checked,0.150629851,0.163422581,0.9217199366102289,True
oculus_audio_pack/ui_powerup_01.wav,oculus_audio_pack,medium,checked,0.154895385,0.163422581,0.9478211887988722,True
oculus_audio_pack/ui_powerup_01.wav,oculus_audio_pack,low,checked,0.151880303,0.163422581,0.9293715842120984,True
oculus_audio_pack/ui_scifi_traditional_confirm.wav,oculus_audio_pack,high,checked,0.057755747,0.063317722,0.9121576894380375,True
oculus_audio_pack/ui_scifi_traditional_confirm.wav,oculus_audio_pack,medium,checked,0.057845087,0.063317722,0.9135686688159753,True
oculus_audio_pack/ui_scifi_traditional_confirm.wav,oculus_audio_pack,low,checked,0.058148256,0.063317722,0.918356727994731,True
oculus_audio_pack/ui_wood_error.wav,oculus_audio_pack,high,checked,0.037054074,0.039692857,0.9335199529728989,True
oculus_audio_pack/ui_wood_error.wav,oculus_audio_pack,medium,checked,0.036753846,0.039692857,0.9259561739282209,True
oculus_audio_pack/ui_wood_error.wav,oculus_audio_pack,low,checked,0.036386909,0.039692857,0.9167117650412517,True
oculus_audio_pack/voice_animal_duck_01.wav,oculus_audio_pack,high,checked,0.217771739,0.243428571,0.8946022157768818,True
oculus_audio_pack/voice_animal_duck_01.wav,oculus_audio_pack,medium,checked,0.22188913,0.243428571,0.9115163807127635,True
oculus_audio_pack/voice_animal_duck_01.wav,oculus_audio_pack,low,checked,0.219671739,0.243428571,0.9024073801098721,True
oculus_audio_pack/voice_animal_sheep_01.wav,oculus_audio_pack,high,checked,0.087782456,0.093000926,0.9438879780616377,True
oculus_audio_pack/voice_animal_sheep_01.wav,oculus_audio_pack,medium,checked,0.086020513,0.093000926,0.9249425430452166,True
oculus_audio_pack/voice_animal_sheep_01.wav,oculus_audio_pack,low,checked,0.085691453,0.093000926,0.9214042987055849,True
oculus_audio_pack/voice_evil_laugh_02.wav,oculus_audio_pack,high,checked,0.23632093,0.2529575,0.9342317582993191,True
oculus_audio_pack/voice_evil_laugh_02.wav,oculus_audio_pack,medium,checked,0.234265116,0.2529575,0.9261046460373777,True
oculus_audio_pack/voice_evil_laugh_02.wav,oculus_audio_pack,low,checked,0.230413636,0.2529575,0.9108788472371842,True
oculus_audio_pack/voice_horse_neigh_01.wav,oculus_audio_pack,high,checked,0.144542857,0.155076923,0.932071995005988,True
oculus_audio_pack/voice_horse_neigh_01.wav,oculus_audio_pack,medium,checked,0.146462319,0.155076923,0.9444494781470484,True
oculus_audio_pack/voice_horse_neigh_01.wav,oculus_audio_pack,low,checked,0.142377465,0.155076923,0.9181086537292206,True
oculus_audio_pack/voice_male_breathing_01.wav,oculus_audio_pack,high,checked,0.955145455,1.05456,0.9057288869291459,True
oculus_audio_pack/voice_male_breathing_01.wav,oculus_audio_pack,medium,checked,0.961336364,1.05456,0.9115994955241997,True
oculus_audio_pack/voice_male_breathing_01.wav,oculus_audio_pack,low,checked,0.953645455,1.05456,0.9043064927552724,True
oculus_audio_pack/voice_male_scream_01.wav,oculus_audio_pack,high,checked,0.094593396,0.100138,0.9446303700892767,True
oculus_audio_pack/voice_male_scream_01.wav,oculus_audio_pack,medium,checked,0.096267308,0.100138,0.9613464219377259,True
oculus_audio_pack/voice_male_scream_01.wav,oculus_audio_pack,low,checked,0.093394444,0.100138,0.9326573728255007,True
sqam/01_sine_wave_1khz_20db_10db_0db_mono.wav,sqam,high,checked,23.0201,28.5015,0.8076802975282003,True
sqam/01_sine_wave_1khz_20db_10db_0db_mono.wav,sqam,medium,checked,22.9404,28.5015,0.8048839534761328,True
sqam/01_sine_wave_1khz_20db_10db_0db_mono.wav,sqam,low,checked,23.5003,28.5015,0.8245285335859516,True
sqam/02_band_limited_pink_noise_stereo.wav,sqam,high,checked,13.3854,14.0796,0.950694622006307,True
sqam/02_band_limited_pink_noise_stereo.wav,sqam,medium,checked,12.3195,14.0796,0.8749893462882469,True
sqam/02_band_limited_pink_noise_stereo.wav,sqam,low,checked,11.4158,14.0796,0.8108042842126197,True
sqam/03_electronic_gong_100hz_mono.wav,sqam,high,checked,7.1214,8.649,0.8233784252514743,True
sqam/03_electronic_gong_100hz_mono.wav,sqam,medium,checked,6.7644,8.649,0.7821019771071801,True
sqam/03_electronic_gong_100hz_mono.wav,sqam,low,checked,6.93675,8.649,0.8020291363163372,True
sqam/04_electronic_gong_400hz_mono.wav,sqam,high,checked,6.61035,7.82285,0.8450053369296356,True
sqam/04_electronic_gong_400hz_mono.wav,sqam,medium,checked,6.2964,7.82285,0.8048729043762823,True
sqam/04_electronic_gong_400hz_mono.wav,sqam,low,checked,6.38495,7.82285,0.8161923084297922,True
sqam/05_electronic_gong_5khz_mono.wav,sqam,high,checked,6.29135,7.7647,0.8102502350380568,True
sqam/05_electronic_gong_5khz_mono.wav,sqam,medium,checked,6.3179,7.7647,0.8136695558102695,True
sqam/05_electronic_gong_5khz_mono.wav,sqam,low,checked,6.22995,7.7647,0.8023426532898887,True
sqam/06_electronic_gong_500hz_vibrato_mono.wav,sqam,high,checked,5.0712,6.38855,0.7937951491339975,True
sqam/06_electronic_gong_500hz_vibrato_mono.wav,sqam,medium,checked,5.1314,6.38855,0.8032182576641022,True
sqam/06_electronic_gong_500hz_vibrato_mono.wav,sqam,low,checked,5.025133333,6.38855,0.7865843318123831,True
sqam/07_electronic_tune_frere_jacques_mono.wav,sqam,high,checked,7.41165,9.40585,0.7879830105732072,True
sqam/07_electronic_tune_frere_jacques_mono.wav,sqam,medium,checked,7.23055,9.40585,0.7687290356533435,True
sqam/07_electronic_tune_frere_jacques_mono.wav,sqam,low,checked,7.28075,9.40585,0.7740661396896613,True
sqam/08_violin_arpegio_melodious_phrase_stereo.wav,sqam,high,checked,15.4481,19.5001,0.7922061938143907,True
sqam/08_violin_arpegio_melodious_phrase_stereo.wav,sqam,medium,checked,15.5042,19.5001,0.7950831021379378,True
sqam/08_violin_arpegio_melodious_phrase_stereo.wav,sqam,low,checked,15.5398,19.5001,0.7969087338013651,True
sqam/09_viola_arpegio_melodious_phrase_stereo.wav,sqam,high,checked,11.3512,14.306,0.793457290647281,True
sqam/09_viola_arpegio_melodious_phrase_stereo.wav,sqam,medium,checked,11.2702,14.306,0.7877953306305048,True
sqam/09_viola_arpegio_melodious_phrase_stereo.wav,sqam,low,checked,11.359,14.306,0.7940025164266742,True
sqam/10_violoncello_arpegio_melodious_phrase_stereo.wav,sqam,high,checked,14.9816,19.0451,0.7866380328798483,True
sqam/10_violoncello_arpegio_melodious_phrase_stereo.wav,sqam,medium,checked,14.9345,19.0451,0.7841649558154066,True
sqam/10_violoncello_arpegio_melodious_phrase_stereo.wav,sqam,low,checked,15.193,19.0451,0.7977380008506124,True
sqam/11_double_bass_arpegio_melodious_phrase_stereo.wav,sqam,high,checked,13.2457,16.4827,0.8036122722612192,True
sqam/11_double_bass_arpegio_melodious_phrase_stereo.wav,sqam,medium,checked,13.0554,16.4827,0.7920668337104965,True
sqam/11_double_bass_arpegio_melodious_phrase_stereo.wav,sqam,low,checked,13.2074,16.4827,0.8012886238298337,True
sqam/12_piccolo_melodious_phrase_stereo.wav,sqam,high,checked,5.46455,6.8937,0.7926875262921218,True
sqam/12_piccolo_melodious_phrase_stereo.wav,sqam,medium,checked,5.44365,6.8937,0.7896557726619957,True
sqam/12_piccolo_melodious_phrase_stereo.wav,sqam,low,checked,5.4878,6.8937,0.7960601708806592,True
sqam/13_flute_arpegio_melodious_phrase_stereo.wav,sqam,high,checked,9.29745,11.4623,0.8111330186786246,True
sqam/13_flute_arpegio_melodious_phrase_stereo.wav,sqam,medium,checked,9.24745,11.4623,0.8067708924037933,True
sqam/13_flute_arpegio_melodious_phrase_stereo.wav,sqam,low,checked,9.3337,11.4623,0.8142955602278774,True
sqam/14_oboe_arpegio_melodious_phrase_stereo.wav,sqam,high,checked,9.983,12.0729,0.8268932899303398,True
sqam/14_oboe_arpegio_melodious_phrase_stereo.wav,sqam,medium,checked,9.9383,12.0729,0.823190782661995,True
sqam/14_oboe_arpegio_melodious_phrase_stereo.wav,sqam,low,checked,9.8848,12.0729,0.8187593701596136,True
sqam/15_cor_anglais_arpegio_stereo.wav,sqam,high,checked,4.846,6.09755,0.7947454305417749,True
sqam/15_cor_anglais_arpegio_stereo.wav,sqam,medium,checked,4.846333333,6.09755,0.7948000972521749,True
sqam/15_cor_anglais_arpegio_stereo.wav,sqam,low,checked,4.8481,6.09755,0.7950898311616961,True
sqam/16_clarinet_arpegio_melodious_phrase_stereo.wav,sqam,high,checked,7.86785,9.6346,0.8166244576837647,True
sqam/16_clarinet_arpegio_melodious_phrase_stereo.wav,sqam,medium,checked,7.8995,9.6346,0.8199094928694496,True
sqam/16_clarinet_arpegio_melodious_phrase_stereo.wav,sqam,low,checked,7.83025,9.6346,0.8127218566416873,True
sqam/17_bass_clarinet_arpegio_stereo.wav,sqam,high,checked,4.636166667,5.7433,0.8072304540943361,True
sqam/17_bass_clarinet_arpegio_stereo.wav,sqam,medium,checked,4.570633333,5.7433,0.795820056935908,True
sqam/17_bass_clarinet_arpegio_stereo.wav,sqam,low,checked,4.637133333,5.7433,0.8073987660404298,True
sqam/18_bassoon_arpegio_melodious_phrase_stereo.wav,sqam,high,checked,7.7363,9.5815,0.8074205500182643,True
sqam/18_bassoon_arpegio_melodious_phrase_stereo.wav,sqam,medium,checked,7.6529,9.5815,0.7987162761571779,True
sqam/18_bassoon_arpegio_melodious_phrase_stereo.wav,sqam,low,checked,7.4648,9.5815,0.7790846944632887,True
sqam/19_contra_bassoon_arpegio_stereo.wav,sqam,high,checked,4.5701,5.5542,0.8228187677793382,True
sqam/19_contra_bassoon_arpegio_stereo.wav,sqam,medium,checked,4.538733333,5.5542,0.8171713897591012,True
sqam/19_contra_bassoon_arpegio_stereo.wav,sqam,low,checked,4.4623,5.5542,0.8034100320478197,True
sqam/20_saxophone_arpegio_melodious_phrase_stereo.wav,sqam,high,checked,7.8827,10.1568,0.7761007403906742,True
sqam/20_saxophone_arpegio_melodious_phrase_stereo.wav,sqam,medium,checked,8.0282,10.1568,0.7904261184625079,True
sqam/20_saxophone_arpegio_melodious_phrase_stereo.wav,sqam,low,checked,7.9995,10.1568,0.7876004253308129,True
sqam/21_trumpet_arpegio_melodious_phrase_stereo.wav,sqam,high,checked,7.38575,9.07745,0.8136370897113175,True
sqam/21_trumpet_arpegio_melodious_phrase_stereo.wav,sqam,medium,checked,7.317,9.07745,0.8060633768293959,True
sqam/21_trumpet_arpegio_melodious_phrase_stereo.wav,sqam,low,checked,7.4554,9.07745,0.8213099493800571,True
sqam/22_trombone_arpegio_melodious_phrase_stereo.wav,sqam,high,checked,8.3202,10.1587,0.8190221189719157,True
sqam/22_trombone_arpegio_melodious_phrase_stereo.wav,sqam,medium,checked,8.2675,10.1587,0.8138344473210155,True
sqam/22_trombone_arpegio_melodious_phrase_stereo.wav,sqam,low,checked,8.386,10.1587,0.8254993257011232,True
sqam/23_horn_arpegio_melodious_phrase_stereo.wav,sqam,high,checked,8.9976,11.3192,0.7948971658774472,True
sqam/23_horn_arpegio_melodious_phrase_stereo.wav,sqam,medium,checked,8.95855,11.3192,0.7914472754258252,True
sqam/23_horn_arpegio_melodious_phrase_stereo.wav,sqam,low,checked,8.8735,11.3192,0.7839334935331118,True
sqam/24_tuba_arpegio_melodious_phrase_stereo.wav,sqam,high,checked,10.2284,13.146,0.7780617678381256,True
sqam/24_tuba_arpegio_melodious_phrase_stereo.wav,sqam,medium,checked,10.5742,13.146,0.8043663471778487,True
sqam/24_tuba_arpegio_melodious_phrase_stereo.wav,sqam,low,checked,10.0372,13.146,0.7635174197474517,True
sqam/25_harp_arpegio_melodious_phrase_stereo.wav,sqam,high,checked,13.7079,17.0438,0.8042748682805477,True
sqam/25_harp_arpegio_melodious_phrase_stereo.wav,sqam,medium,checked,13.5878,17.0438,0.7972283176286977,True
sqam/25_harp_arpegio_melodious_phrase_stereo.wav,sqam,low,checked,13.7961,17.0438,0.8094497705910653,True
sqam/26_claves_single_tone_single_tone_rhythm_stereo.wav,sqam,high,checked,7.96505,10.0691,0.7910389210555063,True
sqam/26_claves_single_tone_single_tone_rhythm_stereo.wav,sqam,medium,checked,7.88825,10.0691,0.7834116256666435,True
sqam/26_claves_single_tone_single_tone_rhythm_stereo.wav,sqam,low,checked,7.8985,10.0691,0.784429591522579,True
sqam/27_castanets_single_tone_rhythm_stereo.wav,sqam,high,checked,4.0897,5.1837,0.7889538360630437,True
sqam/27_castanets_single_tone_rhythm_stereo.wav,sqam,medium,checked,4.1295,5.1837,0.7966317495225419,True
sqam/27_castanets_single_tone_rhythm_stereo.wav,sqam,low,checked,4.117333333,5.1837,0.7942846486100662,True
sqam/28_side_drum_stereo.wav,sqam,high,checked,15.4911,19.5113,0.793955297699282,True
sqam/28_side_drum_stereo.wav,sqam,medium,checked,15.3862,19.5113,0.788578926058233,True
sqam/28_side_drum_stereo.wav,sqam,low,checked,15.2743,19.5113,0.7828437879587726,True
sqam/29_bass_drum_single_tone_stereo.wav,sqam,high,checked,4.992433333,6.07265,0.8221177464533606,True
sqam/29_bass_drum_single_tone_stereo.wav,sqam,medium,checked,5.001333333,6.07265,0.8235833339645788,True
sqam/29_bass_drum_single_tone_stereo.wav,sqam,low,checked,4.989066667,6.07265,0.8215633482911086,True
sqam/30_kettle_drums_single_tone_stereo.wav,sqam,high,checked,5.36365,6.86375,0.7814460025496267,True
sqam/30_kettle_drums_single_tone_stereo.wav,sqam,medium,checked,5.24505,6.86375,0.7641668184301584,True
sqam/30_kettle_drums_single_tone_stereo.wav,sqam,low,checked,5.2784,6.86375,0.7690256783828083,True
sqam/31_cymbal.wav,sqam,high,checked,26.0023,32.0867,0.8103762618156433,True
sqam/31_cymbal.wav,sqam,medium,checked,25.1967,32.0867,0.7852692860281674,True
sqam/31_cymbal.wav,sqam,low,checked,25.5594,32.0867,0.7965730349334771,True
sqam/32_triangles-triangle_roll_stereo.wav,sqam,high,checked,15.173,18.4451,0.8226032930154892,True
sqam/32_triangles-triangle_roll_stereo.wav,sqam,medium,checked,14.9217,18.4451,0.8089790784544404,True
sqam/32_triangles-triangle_roll_stereo.wav,sqam,low,checked,14.9858,18.4451,0.8124542561439081,True
sqam/33_gong_single_tone_forte_single_tone_piano_roll_stereo.wav,sqam,high,checked,54.4643,68.3325,0.7970482566860572,True
sqam/33_gong_single_tone_forte_single_tone_piano_roll_stereo.wav,sqam,medium,checked,54.5095,68.3325,0.7977097281674168,True
sqam/33_gong_single_tone_forte_single_tone_piano_roll_stereo.wav,sqam,low,checked,53.8121,68.3325,0.7875037500457324,True
sqam/34_tubular_bells_melodious_phrase_stereo.wav,sqam,high,checked,5.5596,7.02045,0.791915048180672,True
sqam/34_tubular_bells_melodious_phrase_stereo.wav,sqam,medium,checked,5.54745,7.02045,0.790184389889537,True
sqam/34_tubular_bells_melodious_phrase_stereo.wav,sqam,low,checked,5.5179,7.02045,0.7859752579962822,True
sqam/35_glockenspiel_arpegio_melodious_phrase_stereo.wav,sqam,high,checked,13.2516,16.4539,0.8053774485076486,True
sqam/35_glockenspiel_arpegio_melodious_phrase_stereo.wav,sqam,medium,checked,13.4276,16.4539,0.8160740006928449,True
sqam/35_glockenspiel_arpegio_melodious_phrase_stereo.wav,sqam,low,checked,13.0511,16.4539,0.7931918876375813,True
sqam/36_xylophone_single_tone_melodious_phrase_stereo.wav,sqam,high,checked,11.361,13.6718,0.8309805585219211,True
sqam/36_xylophone_single_tone_melodious_phrase_stereo.wav,sqam,medium,checked,11.1839,13.6718,0.8180268874617826,True
sqam/36_xylophone_single_tone_melodious_phrase_stereo.wav,sqam,low,checked,11.1847,13.6718,0.8180854020684913,True
sqam/37_vibraphone_arpegio_stereo.wav,sqam,high,checked,3.427933333,4.232633333,0.8098819489687178,True
sqam/37_vibraphone_arpegio_stereo.wav,sqam,medium,checked,3.432533333,4.232633333,0.8109687428481063,True
sqam/37_vibraphone_arpegio_stereo.wav,sqam,low,checked,3.434133333,4.232633333,0.8113467581105023,True
sqam/38_marimba_single_tone_stereo.wav,sqam,high,checked,4.6865,5.9406,0.7888933777732888,True
sqam/38_marimba_single_tone_stereo.wav,sqam,medium,checked,4.6529,5.9406,0.7832373834292832,True
sqam/38_marimba_single_tone_stereo.wav,sqam,low,checked,4.627066667,5.9406,0.77888877672289,True
sqam/39_grand_piano_arpegio_stereo.wav,sqam,high,checked,31.5851,39.9435,0.7907444265024347,True
sqam/39_grand_piano_arpegio_stereo.wav,sqam,medium,checked,34.0148,39.9435,0.8515728466458873,True
sqam/39_grand_piano_arpegio_stereo.wav,sqam,low,checked,31.7804,39.9435,0.7956338327888142,True
sqam/40_harpsichord_arpegio_melodious_phrase_stereo.wav,sqam,high,checked,12.0671,14.9784,0.8056334454948458,True
sqam/40_harpsichord_arpegio_melodious_phrase_stereo.wav,sqam,medium,checked,11.9391,14.9784,0.7970878064412754,True
sqam/40_harpsichord_arpegio_melodious_phrase_stereo.wav,sqam,low,checked,12.0545,14.9784,0.80479223415051,True
sqam/41_celesta_arpegio_single_tone_melodious_phrase_stereo.wav,sqam,high,checked,14.8185,18.5189,0.8001825162401656,True
sqam/41_celesta_arpegio_single_tone_melodious_phrase_stereo.wav,sqam,medium,checked,14.9092,18.5189,0.8050802153475639,True
sqam/41_celesta_arpegio_single_tone_melodious_phrase_stereo.wav,sqam,low,checked,14.8341,18.5189,0.801024898887083,True
sqam/42_accordion_melodious_phrase_stereo.wav,sqam,high,checked,4.9271,6.08925,0.8091472677259105,True
sqam/42_accordion_melodious_phrase_stereo.wav,sqam,medium,checked,4.887666667,6.08925,0.8026713744714046,True
sqam/42_accordion_melodious_phrase_stereo.wav,sqam,low,checked,4.876533333,6.08925,0.8008430156423205,True
sqam/43_organ_arpegio_stereo.wav,sqam,high,checked,19.1688,23.9993,0.7987232960961361,True
sqam/43_organ_arpegio_stereo.wav,sqam,medium,checked,18.9882,23.9993,0.7911980766105677,True
sqam/43_organ_arpegio_stereo.wav,sqam,low,checked,19.3039,23.9993,0.8043526269516194,True
sqam/44_soprano_stereo.wav,sqam,high,checked,6.01325,7.6633,0.784681534064959,True
sqam/44_soprano_stereo.wav,sqam,medium,checked,6.1462,7.6633,0.802030456852792,True
sqam/44_soprano_stereo.wav,sqam,low,checked,6.22565,7.6633,0.8123980530580821,True
sqam/45_alto_stereo.wav,sqam,high,checked,6.26525,8.01115,0.7820662451707932,True
sqam/45_alto_stereo.wav,sqam,medium,checked,6.32515,8.01115,0.7895433239921859,True
sqam/45_alto_stereo.wav,sqam,low,checked,6.25745,8.01115,0.7810926021857036,True
sqam/46_tenor_stereo.wav,sqam,high,checked,6.01055,7.5742,0.793555755063241,True
sqam/46_tenor_stereo.wav,sqam,medium,checked,5.98105,7.5742,0.7896609542922024,True
sqam/46_tenor_stereo.wav,sqam,low,checked,5.9004,7.5742,0.7790129650656175,True
sqam/47_bass_stereo.wav,sqam,high,checked,6.08995,7.6225,0.7989439160380453,True
sqam/47_bass_stereo.wav,sqam,medium,checked,6.05705,7.6225,0.7946277468022304,True
sqam/47_bass_stereo.wav,sqam,low,checked,6.05505,7.6225,0.79436536569367,True
sqam/48_quartet_stereo.wav,sqam,high,checked,5.6936,6.96795,0.817112637145789,True
sqam/48_quartet_stereo.wav,sqam,medium,checked,5.65615,6.96795,0.8117380291190379,True
sqam/48_quartet_stereo.wav,sqam,low,checked,5.6467,6.96795,0.8103818196169605,True
sqam/49_female_speech_english_mono.wav,sqam,high,checked,4.747,5.8415,0.8126337413335616,True
sqam/49_female_speech_english_mono.wav,sqam,medium,checked,4.687233333,5.8415,0.8024023509372593,True
sqam/49_female_speech_english_mono.wav,sqam,low,checked,4.658833333,5.8415,0.7975405859796285,True
sqam/50_male_speech_english_mono.wav,sqam,high,checked,4.4353,5.58485,0.794166360779609,True
sqam/50_male_speech_english_mono.wav,sqam,medium,checked,4.466566667,5.58485,0.7997648400583722,True
sqam/50_male_speech_english_mono.wav,sqam,low,checked,4.450433333,5.58485,0.7968760724101811,True
sqam/51_female_speech_french_mono.wav,sqam,high,checked,4.2472,5.28055,0.8043101570859097,True
sqam/51_female_speech_french_mono.wav,sqam,medium,checked,4.2184,5.28055,0.7988561797540029,True
sqam/51_female_speech_french_mono.wav,sqam,low,checked,4.2058,5.28055,0.7964700646712938,True
sqam/52_male_speech_french_mono.wav,sqam,high,checked,4.951333333,6.2023,0.7983060047079309,True
sqam/52_male_speech_french_mono.wav,sqam,medium,checked,5.011566667,6.2023,0.8080174559437628,True
sqam/52_male_speech_french_mono.wav,sqam,low,checked,4.848566667,6.2023,0.7817368826080647,True
sqam/53_female_speech_german_mono.wav,sqam,high,checked,4.260766667,5.31125,0.8022154232995999,True
sqam/53_female_speech_german_mono.wav,sqam,medium,checked,4.234166667,5.31125,0.79720718606731,True
sqam/53_female_speech_german_mono.wav,sqam,low,checked,4.271133333,5.31125,0.8041672549776417,True
sqam/54_male_speech_german_mono.wav,sqam,high,checked,4.277366667,5.28035,0.8100536265588455,True
sqam/54_male_speech_german_mono.wav,sqam,medium,checked,4.207266667,5.28035,0.7967779914210231,True
sqam/54_male_speech_german_mono.wav,sqam,low,checked,4.224833333,5.28035,0.8001047909702955,True
sqam/55_trumpet_haydn_stereo.wav,sqam,high,checked,6.428,8.12475,0.7911628050093849,True
sqam/55_trumpet_haydn_stereo.wav,sqam,medium,checked,6.47145,8.12475,0.7965106618665189,True
sqam/55_trumpet_haydn_stereo.wav,sqam,low,checked,6.43155,8.12475,0.7915997415305085,True
sqam/56_organ_händel_stereo.wav,sqam,high,checked,6.8808,8.81165,0.780875318470434,True
sqam/56_organ_händel_stereo.wav,sqam,medium,checked,6.9542,8.81165,0.789205199934178,True
sqam/56_organ_händel_stereo.wav,sqam,low,checked,6.89345,8.81165,0.7823109179325097,True
sqam/57_organ_bach_stereo.wav,sqam,high,checked,4.059866667,5.0971,0.796505202369975,True
sqam/57_organ_bach_stereo.wav,sqam,medium,checked,4.035466667,5.0971,0.7917181666045398,True
sqam/57_organ_bach_stereo.wav,sqam,low,checked,4.0096,5.0971,0.7866433854544741,True
sqam/58_guitar_sarasate_stereo.wav,sqam,high,checked,3.26635,4.076133333,0.8013354159825764,True
sqam/58_guitar_sarasate_stereo.wav,sqam,medium,checked,3.214475,4.076133333,0.7886088941144067,True
sqam/58_guitar_sarasate_stereo.wav,sqam,low,checked,3.22135,4.076133333,0.7902955415909111,True
sqam/59_violin_ravel_stereo.wav,sqam,high,checked,5.97045,7.37135,0.8099534006660923,True
sqam/59_violin_ravel_stereo.wav,sqam,medium,checked,5.8825,7.37135,0.7980220719406894,True
sqam/59_violin_ravel_stereo.wav,sqam,low,checked,5.94645,7.37135,0.8066975520087908,True
sqam/60_piano_schubert_stereo.wav,sqam,high,checked,19.0329,23.5342,0.8087336726976061,True
sqam/60_piano_schubert_stereo.wav,sqam,medium,checked,18.5961,23.5342,0.7901734497029855,True
sqam/60_piano_schubert_stereo.wav,sqam,low,checked,18.3204,23.5342,0.7784585836782215,True
sqam/61_soprano_mozart_stereo.wav,sqam,high,checked,37.8581,47.9637,0.7893073303352326,True
sqam/61_soprano_mozart_stereo.wav,sqam,medium,checked,37.8557,47.9637,0.7892572924941152,True
sqam/61_soprano_mozart_stereo.wav,sqam,low,checked,36.9254,47.9637,0.7698613743310045,True
sqam/62_soprano_spiritual_stereo.wav,sqam,high,checked,6.5267,8.3097,0.7854314836877385,True
sqam/62_soprano_spiritual_stereo.wav,sqam,medium,checked,6.42705,8.3097,0.7734394743492545,True
sqam/62_soprano_spiritual_stereo.wav,sqam,low,checked,6.61875,8.3097,0.7965088992382398,True
sqam/63_soloists_verdi_stereo.wav,sqam,high,checked,11.6023,14.5993,0.7947161850225696,True
sqam/63_soloists_verdi_stereo.wav,sqam,medium,checked,11.5708,14.5993,0.7925585473276117,True
sqam/63_soloists_verdi_stereo.wav,sqam,low,checked,11.4673,14.5993,0.7854691663298925,True
sqam/64_choir_orff_stereo.wav,sqam,high,checked,6.4199,7.857,0.8170930380552374,True
sqam/64_choir_orff_stereo.wav,sqam,medium,checked,6.33155,7.857,0.8058482881506936,True
sqam/64_choir_orff_stereo.wav,sqam,low,checked,6.23055,7.857,0.7929935089728904,True
sqam/65_orchestra_strauss_stereo.wav,sqam,high,checked,22.6829,28.193,0.8045578689745682,True
sqam/65_orchestra_strauss_stereo.wav,sqam,medium,checked,23.0174,28.193,0.8164225162274322,True
sqam/65_orchestra_strauss_stereo.wav,sqam,low,checked,22.8004,28.193,0.8087255701769942,True
sqam/66_wind_ensemble_stravinsky_stereo.wav,sqam,high,checked,3.806033333,4.670533333,0.814903365769427,True
sqam/66_wind_ensemble_stravinsky_stereo.wav,sqam,medium,checked,3.733166667,4.670533333,0.7993020070369766,True
sqam/66_wind_ensemble_stravinsky_stereo.wav,sqam,low,checked,3.696366667,4.670533333,0.7914228212189488,True
sqam/67_wind_ensemble_mozart_stereo.wav,sqam,high,checked,17.3238,21.3306,0.8121571826390256,True
sqam/67_wind_ensemble_mozart_stereo.wav,sqam,medium,checked,17.0768,21.3306,0.8005775740016688,True
sqam/67_wind_ensemble_mozart_stereo.wav,sqam,low,checked,17.1891,21.3306,0.8058423110461027,True
sqam/68_orchestra_baird_stereo.wav,sqam,high,checked,34.9592,43.786,0.7984104508290322,True
sqam/68_orchestra_baird_stereo.wav,sqam,medium,checked,34.8751,43.786,0.7964897455807793,True
sqam/68_orchestra_baird_stereo.wav,sqam,low,checked,34.6014,43.786,0.7902388891426483,True
sqam/69_abba_stereo.wav,sqam,high,checked,6.92765,8.77035,0.7898943599742313,True
sqam/69_abba_stereo.wav,sqam,medium,checked,6.9558,8.77035,0.7931040380372505,True
sqam/69_abba_stereo.wav,sqam,low,checked,7.0803,8.77035,0.8072995946569977,True
sqam/70_eddie_rabbitt_stereo.wav,sqam,high,checked,4.368966667,5.32315,0.8207483664747376,True
sqam/70_eddie_rabbitt_stereo.wav,sqam,medium,checked,4.3541,5.32315,0.8179555338474399,True
sqam/70_eddie_rabbitt_stereo.wav,sqam,low,checked,4.2632,5.32315,0.8008791786817956,True
