category,revision,quality,mode,assets,duration_seconds,sum_median_ms,realtime_factor,candidate_over_qoa_time
all,baseline,high,checked,151,4941.452902494331,1010.490799874,4890.151303812454,
all,baseline,low,checked,151,4941.452902494331,1010.708498504,4889.098003834361,
all,baseline,medium,checked,151,4941.452902494331,1013.768292409,4874.341542831294,
all,candidate,high,checked,151,4941.452902494331,1012.56981362,4880.110819053878,0.8040251608139559
all,candidate,low,checked,151,4941.452902494331,1007.25339006,4905.868723062802,0.799803685662033
all,candidate,medium,checked,151,4941.452902494331,1016.002031544,4863.625021482382,0.8067504934588497
all,reference,default,qoa,151,4941.452902494331,1259.375779478,3923.7318860797204,
bandcamp,baseline,high,checked,10,919.5415873015872,186.47515,4931.174943694037,
bandcamp,baseline,low,checked,10,919.5415873015872,188.87025,4868.6417649237355,
bandcamp,baseline,medium,checked,10,919.5415873015872,191.52655,4801.11810765446,
bandcamp,candidate,high,checked,10,919.5415873015872,187.041,4916.256795577372,0.7988869288890217
bandcamp,candidate,low,checked,10,919.5415873015872,189.2394,4859.144487361445,0.8082767045236132
bandcamp,candidate,medium,checked,10,919.5415873015872,192.09345,4786.949202596899,0.8204668833581773
bandcamp,reference,default,qoa,10,919.5415873015872,234.127,3927.5332930485897,
oculus_audio_pack,baseline,high,checked,71,504.91131519274376,81.174599875,6220.06534026964,
oculus_audio_pack,baseline,low,checked,71,504.91131519274376,80.926706837,6239.1185175707205,
oculus_audio_pack,baseline,medium,checked,71,504.91131519274376,81.709217409,6179.367900017721,
oculus_audio_pack,candidate,high,checked,71,504.91131519274376,81.166546953,6220.682462752984,0.8216162323235373
oculus_audio_pack,candidate,low,checked,71,504.91131519274376,80.42492339500001,6278.04533568426,0.8141090760331612
oculus_audio_pack,candidate,medium,checked,71,504.91131519274376,81.668939877,6182.415444025364,0.8267017533523167
oculus_audio_pack,reference,default,qoa,71,504.91131519274376,98.788879479,5111.0136875282105,
sqam,baseline,high,checked,70,3517.0,742.841049999,4734.525643143624,
sqam,baseline,low,checked,70,3517.0,740.911541667,4746.855464131375,
sqam,baseline,medium,checked,70,3517.0,740.532525,4749.284982452324,
sqam,candidate,high,checked,70,3517.0,744.362266667,4724.849925222466,0.8034479060214085
sqam,candidate,low,checked,70,3517.0,737.589066665,4768.237707077293,0.7961370661221238
sqam,candidate,medium,checked,70,3517.0,742.239641667,4738.361847800464,0.8011567922883669
sqam,reference,default,qoa,70,3517.0,926.459899999,3796.1707786853985,
