asset,category,revision,quality,mode,frames,channels,rate,encoded_bytes,encoded_sha256,decoded_fnv64,trials,complete,median_ms,p95_ms,p99_ms,duration_seconds,ns_per_sample,realtime_factor
bandcamp/darkside_narrow_road.wav,bandcamp,baseline,high,checked,6440706,2,44100,5202908,56321bc3486b7246b157ea0e1512adb83744e110a30e3863ee43bf6f56531644,e1a9da5274f6d1e0,7,True,40.0443,46.04215,46.74139,146.0477551020408,3.108688705865475,3647.1546537719673
bandcamp/darkside_narrow_road.wav,bandcamp,candidate,high,checked,6440706,2,44100,5202908,56321bc3486b7246b157ea0e1512adb83744e110a30e3863ee43bf6f56531644,e1a9da5274f6d1e0,7,True,39.6071,49.21433,49.563266,146.0477551020408,3.074748327279649,3687.413496621585
bandcamp/darkside_narrow_road.wav,bandcamp,baseline,medium,checked,6440706,2,44100,3949156,b92b4d3dfe904387a96b47ad872342c8eb39ebf042799a64b8a331c698de1295,7916adf6e94a6559,7,True,40.1033,47.335069999999995,49.129574,146.0477551020408,3.1132689490872583,3641.7889575681006
bandcamp/darkside_narrow_road.wav,bandcamp,candidate,medium,checked,6440706,2,44100,3949156,b92b4d3dfe904387a96b47ad872342c8eb39ebf042799a64b8a331c698de1295,7916adf6e94a6559,7,True,39.6697,42.92133,43.831146,146.0477551020408,3.0796080429692023,3681.594645334873
bandcamp/darkside_narrow_road.wav,bandcamp,baseline,low,checked,6440706,2,44100,3925468,f553d730094da54de093e7e15e1c4db10687b3863dfd7a2b0d92a0d5b94dab5a,dced720a7d5d8a82,7,True,39.6218,42.64998,43.421915999999996,146.0477551020408,3.0758895065230427,3686.045437159362
bandcamp/darkside_narrow_road.wav,bandcamp,candidate,low,checked,6440706,2,44100,3925468,f553d730094da54de093e7e15e1c4db10687b3863dfd7a2b0d92a0d5b94dab5a,dced720a7d5d8a82,7,True,39.6071,41.231210000000004,41.699042,146.0477551020408,3.074748327279649,3687.413496621585
bandcamp/darkside_narrow_road.wav,bandcamp,reference,default,qoa,6440706,2,44100,5202904,1f0de8f9cc3f7da9c02ec1f41568012daa7adb3a9ee8e7c969984e2ffc7389bc,e1a9da5274f6d1e0,7,True,130.981,140.01757,142.52943399999998,146.0477551020408,10.168217583600308,1115.0300814777777
oculus_audio_pack/ambient_city_rain_lp.wav,oculus_audio_pack,baseline,high,checked,1984500,2,44100,1603132,964d6afcbb3a8bf5359fefa899bdcec8454a755d15e6d02d084499aa9d28eb16,1bf09a7fac9c0a89,7,True,11.9396,12.109506667,12.127554667,45.0,3.0082136558327033,3768.970484773359
oculus_audio_pack/ambient_city_rain_lp.wav,oculus_audio_pack,candidate,high,checked,1984500,2,44100,1603132,964d6afcbb3a8bf5359fefa899bdcec8454a755d15e6d02d084499aa9d28eb16,1bf09a7fac9c0a89,7,True,11.9656,12.234463333099999,12.27531933302,45.0,3.014764424288234,3760.7809052617504
oculus_audio_pack/ambient_city_rain_lp.wav,oculus_audio_pack,baseline,medium,checked,1984500,2,44100,1211978,9f38ff4d22f81994d27e07b71153408f8bee71dd0b922dc9e0f668a480a65539,b877feedbb4ef338,7,True,12.024666667,12.3289600001,12.333312000020001,45.0,3.029646426555807,3742.307478967059
oculus_audio_pack/ambient_city_rain_lp.wav,oculus_audio_pack,candidate,medium,checked,1984500,2,44100,1211978,9f38ff4d22f81994d27e07b71153408f8bee71dd0b922dc9e0f668a480a65539,b877feedbb4ef338,7,True,12.064966667,12.140473333,12.151321332999999,45.0,3.0398001176618794,3729.80723793325
oculus_audio_pack/ambient_city_rain_lp.wav,oculus_audio_pack,baseline,low,checked,1984500,2,44100,1206700,c6e0c4b0a6ab95a477f0af432329b56752417eb7e5099d76bd2dce240a899828,f3412b418443e2c5,7,True,12.010633333,12.4198700001,12.52029400002,45.0,3.0261106911060716,3746.6800253038746
oculus_audio_pack/ambient_city_rain_lp.wav,oculus_audio_pack,candidate,low,checked,1984500,2,44100,1206700,c6e0c4b0a6ab95a477f0af432329b56752417eb7e5099d76bd2dce240a899828,f3412b418443e2c5,7,True,12.110433333,12.2768866669,12.31103066698,45.0,3.0512555638699923,3715.8042790573363
oculus_audio_pack/ambient_city_rain_lp.wav,oculus_audio_pack,reference,default,qoa,1984500,2,44100,1603128,732e65a525f25eeb058502e65d401cfb2d9ef3249ea8ead5095b6486d56528b1,1bf09a7fac9c0a89,7,True,37.2726,39.11494999999999,39.63131,45.0,9.39092970521542,1207.3211957309125
sqam/49_female_speech_english_mono.wav,sqam,baseline,high,checked,1014300,2,44100,819412,0cd5ae6586c2df0a2a259320fb6ec602eba73dd3a4d755f2219239bc0cc0bedc,98ffad5d0868d68c,7,True,6.06868,6.115448,6.1264496,23.0,2.9915606822439123,3789.951027241509
sqam/49_female_speech_english_mono.wav,sqam,candidate,high,checked,1014300,2,44100,819412,0cd5ae6586c2df0a2a259320fb6ec602eba73dd3a4d755f2219239bc0cc0bedc,98ffad5d0868d68c,7,True,6.049166667,6.1284339999999995,6.1425028,23.0,2.9819415690624074,3802.1766081387423
sqam/49_female_speech_english_mono.wav,sqam,baseline,medium,checked,1014300,2,44100,618150,83490dabefac92337ae7e0316c36b57785ce00e3624dbc2b8ba9438b03d2d611,8192abdfd16fc52a,7,True,6.1018,6.138592,6.1402624,23.0,3.007887212856157,3769.379527352585
sqam/49_female_speech_english_mono.wav,sqam,candidate,medium,checked,1014300,2,44100,618150,83490dabefac92337ae7e0316c36b57785ce00e3624dbc2b8ba9438b03d2d611,8192abdfd16fc52a,7,True,6.08098,6.221872,6.2625184,23.0,2.9976239771270827,3782.2850922055327
sqam/49_female_speech_english_mono.wav,sqam,baseline,low,checked,1014300,2,44100,616552,993287b4587225c3c3204c18a75c90607eea6d7d4540d80805b72b9d1d9330e1,ebba52f405f07c7b,7,True,6.04084,6.063658,6.065803600000001,23.0,2.977836931874199,3807.417511471914
sqam/49_female_speech_english_mono.wav,sqam,candidate,low,checked,1014300,2,44100,616552,993287b4587225c3c3204c18a75c90607eea6d7d4540d80805b72b9d1d9330e1,ebba52f405f07c7b,7,True,6.0651,6.110052,6.1162824,23.0,2.989795918367347,3792.1880925293895
sqam/49_female_speech_english_mono.wav,sqam,reference,default,qoa,1014300,2,44100,819408,0ee8c0f5fe25269e7d4e274f50041c51f63794c989a7dee98a18f4c49d356679,98ffad5d0868d68c,7,True,18.88585,19.05995,19.07387,23.0,9.30979493246574,1217.842988268995
oculus_audio_pack/ambient_wind_chimes_lp_01.wav,oculus_audio_pack,baseline,high,checked,1391844,1,44100,563284,6cfd0475f9bebccee8d19276cfad299f0323b04ee2c2f702ba19bc794e4f536c,56bc5275664209ec,7,True,4.161225,4.20415875,4.2076417500000005,31.56108843537415,2.98972083078276,7584.566668558934
oculus_audio_pack/ambient_wind_chimes_lp_01.wav,oculus_audio_pack,candidate,high,checked,1391844,1,44100,563284,6cfd0475f9bebccee8d19276cfad299f0323b04ee2c2f702ba19bc794e4f536c,56bc5275664209ec,7,True,4.1543375,4.1887,4.193919999999999,31.56108843537415,2.984772359546041,7597.141165197617
oculus_audio_pack/ambient_wind_chimes_lp_01.wav,oculus_audio_pack,baseline,medium,checked,1391844,1,44100,430682,c204a90cac69e0944d2741567eae5b7216d04c47a1b5ff2288976aeb477679d6,3b187c10049327f0,7,True,4.2138125,4.2819550003,4.29652814326,31.56108843537415,3.027503441477637,7489.912860473537
oculus_audio_pack/ambient_wind_chimes_lp_01.wav,oculus_audio_pack,candidate,medium,checked,1391844,1,44100,430682,c204a90cac69e0944d2741567eae5b7216d04c47a1b5ff2288976aeb477679d6,3b187c10049327f0,7,True,4.1988,4.3846662498999995,4.428167535579999,31.56108843537415,3.016717390742066,7516.692491991556
oculus_audio_pack/ambient_wind_chimes_lp_01.wav,oculus_audio_pack,baseline,low,checked,1391844,1,44100,424650,002023d68326199f2647d33c39955a9ce0caf0ad600839708cc60d9e5c19ba61,17c9ff2efd81b600,7,True,4.2158125,4.362338750199999,4.39263917884,31.56108843537415,3.028940384123508,7486.359612856158
oculus_audio_pack/ambient_wind_chimes_lp_01.wav,oculus_audio_pack,candidate,low,checked,1391844,1,44100,424650,002023d68326199f2647d33c39955a9ce0caf0ad600839708cc60d9e5c19ba61,17c9ff2efd81b600,7,True,4.1939375,4.2676887503,4.28271489326,31.56108843537415,3.013223823934291,7525.4074328418465
oculus_audio_pack/ambient_wind_chimes_lp_01.wav,oculus_audio_pack,reference,default,qoa,1391844,1,44100,563280,0a8d4a8f8fb17f32a949e6c9d10d44fafa143bc5d78818d4a90431beb9d3b5c4,56bc5275664209ec,7,True,13.1337,13.679103333199999,13.68576733304,31.56108843537415,9.436186814039504,2403.0614705204284
oculus_audio_pack/action_typing.wav,oculus_audio_pack,baseline,high,checked,812851,1,44100,328972,3f9bf0e841c6f7cb8c81afbeb63c402675afb1790466c472be3e8be25ac2a9de,2207f2284c886ee6,7,True,2.449761538,2.4806300003,2.4890613848600003,18.43199546485261,3.0137891667722623,7523.995776299353
oculus_audio_pack/action_typing.wav,oculus_audio_pack,candidate,high,checked,812851,1,44100,328972,3f9bf0e841c6f7cb8c81afbeb63c402675afb1790466c472be3e8be25ac2a9de,2207f2284c886ee6,7,True,2.475123077,2.5352612176,2.55393890992,18.43199546485261,3.0449898899060224,7446.900574816388
oculus_audio_pack/action_typing.wav,oculus_audio_pack,baseline,medium,checked,812851,1,44100,248966,f3f636c071d033446429c1fcb7cbdee82f09bb363d594e1779ee530e7ae80982,696d07820f2192a7,7,True,2.440415385,2.4984376921,2.4998721536199997,18.43199546485261,3.0022911763656563,7552.810713350181
oculus_audio_pack/action_typing.wav,oculus_audio_pack,candidate,medium,checked,812851,1,44100,248966,f3f636c071d033446429c1fcb7cbdee82f09bb363d594e1779ee530e7ae80982,696d07820f2192a7,7,True,2.457446154,2.5143544231,2.52849088462,18.43199546485261,3.0232430716084497,7500.467684653329
oculus_audio_pack/action_typing.wav,oculus_audio_pack,baseline,low,checked,812851,1,44100,247898,61a8ed7e9b88f002b28eb36ec1d5ba1384c3878463db723697dbcff4c2fafa9a,ec122b8e3c660c78,7,True,2.457815385,2.5715928207,2.59917189774,18.43199546485261,3.0236973135297855,7499.340909550295
oculus_audio_pack/action_typing.wav,oculus_audio_pack,candidate,low,checked,812851,1,44100,247898,61a8ed7e9b88f002b28eb36ec1d5ba1384c3878463db723697dbcff4c2fafa9a,ec122b8e3c660c78,7,True,2.479761538,2.5474773717,2.56494214074,18.43199546485261,3.050696299813865,7432.970945955775
oculus_audio_pack/action_typing.wav,oculus_audio_pack,reference,default,qoa,812851,1,44100,328968,e3f92c5aed5bb9508517e7422cf4ec056e3785c0840c3d1d4c7f1e6d09305b76,2207f2284c886ee6,7,True,7.763075,8.21904,8.221008000000001,18.43199546485261,9.550428061231393,2374.316294104154
oculus_audio_pack/machine_power_tool_04.wav,oculus_audio_pack,baseline,high,checked,462874,1,44100,187348,6c49a0f795d628e454d7c4acf8bf8976161f2419e131312e5b177d2e48183e47,4bf7e7d8fac7d758,7,True,1.381063636,1.3996354543,1.40066527246,10.496009070294784,2.9836707959401476,7599.946010232062
oculus_audio_pack/machine_power_tool_04.wav,oculus_audio_pack,candidate,high,checked,462874,1,44100,187348,6c49a0f795d628e454d7c4acf8bf8976161f2419e131312e5b177d2e48183e47,4bf7e7d8fac7d758,7,True,1.373786364,1.4246645455,1.4378586235000002,10.496009070294784,2.9679488672943393,7640.204725670711
oculus_audio_pack/machine_power_tool_04.wav,oculus_audio_pack,baseline,medium,checked,462874,1,44100,176784,a07f4e3490318fe08d459690f46e2d5116e7f13800f55cda2e20df00693e594c,739b7d85d2c6f7fa,7,True,1.454061905,1.4818690472,1.48419476144,10.496009070294784,3.141377361873858,7218.405924949106
oculus_audio_pack/machine_power_tool_04.wav,oculus_audio_pack,candidate,medium,checked,462874,1,44100,176784,a07f4e3490318fe08d459690f46e2d5116e7f13800f55cda2e20df00693e594c,739b7d85d2c6f7fa,7,True,1.443966667,1.8541996186999996,1.99347459014,10.496009070294784,3.119567456802499,7268.872135463764
oculus_audio_pack/machine_power_tool_04.wav,oculus_audio_pack,baseline,low,checked,462874,1,44100,146316,170943aeef667f1396425e5283b10e78a554a45a52ef83cf5185b402e8fc9e55,d0003922c2af3416,7,True,1.408354545,1.4320863632,1.43652012944,10.496009070294784,3.0426304890747806,7452.675256779737
oculus_audio_pack/machine_power_tool_04.wav,oculus_audio_pack,candidate,low,checked,462874,1,44100,146316,170943aeef667f1396425e5283b10e78a554a45a52ef83cf5185b402e8fc9e55,d0003922c2af3416,7,True,1.399377273,1.4297636363,1.43026545446,10.496009070294784,3.0232358546818356,7500.485589417446
oculus_audio_pack/machine_power_tool_04.wav,oculus_audio_pack,reference,default,qoa,462874,1,44100,187344,114660c6d5179de7c88f04bb98ccf6d2967852f5757a009d79ac5e70ed46cc2f,4bf7e7d8fac7d758,7,True,4.395385714,4.6655357139,4.69160999958,10.496009070294784,9.495857866287585,2387.9608647002997
oculus_audio_pack/voice_male_breathing_01.wav,oculus_audio_pack,baseline,high,checked,478758,1,44100,193772,19488a9ab8de2bdbd9146a55992b09e1c620531854b5ea488a04e227369979a9,187bc49cbe8b16b7,7,True,1.458828571,1.4718247622,1.47249447644,10.856190476190477,3.0471105882303795,7441.71775354575
oculus_audio_pack/voice_male_breathing_01.wav,oculus_audio_pack,candidate,high,checked,478758,1,44100,193772,19488a9ab8de2bdbd9146a55992b09e1c620531854b5ea488a04e227369979a9,187bc49cbe8b16b7,7,True,1.450909524,1.4826323809,1.48864838098,10.856190476190477,3.030569774290978,7482.334560918132
oculus_audio_pack/voice_male_breathing_01.wav,oculus_audio_pack,baseline,medium,checked,478758,1,44100,149184,61a4adc822f58204dad883e82170ac4ab96902959fa23bd00ed4c2d8d0496fe3,d1140bf3891e62ce,7,True,1.443747619,1.530778,1.5365115999999999,10.856190476190477,3.0156104315750336,7519.451691778324
oculus_audio_pack/voice_male_breathing_01.wav,oculus_audio_pack,candidate,medium,checked,478758,1,44100,149184,61a4adc822f58204dad883e82170ac4ab96902959fa23bd00ed4c2d8d0496fe3,d1140bf3891e62ce,7,True,1.44237619,1.7804286606999997,1.8810507321399998,10.856190476190477,3.012745875786932,7526.6012788178905
oculus_audio_pack/voice_male_breathing_01.wav,oculus_audio_pack,baseline,low,checked,478758,1,44100,146172,c6c337c73f676675af9a337c5d5d4e8d893c9e6005cb2ff567f8582754ee6954,fdd06f79415e8564,7,True,1.430638095,1.4573357139,1.46324999958,10.856190476190477,2.988228071384708,7588.355513621687
oculus_audio_pack/voice_male_breathing_01.wav,oculus_audio_pack,candidate,low,checked,478758,1,44100,146172,c6c337c73f676675af9a337c5d5d4e8d893c9e6005cb2ff567f8582754ee6954,fdd06f79415e8564,7,True,1.461585714,1.4809114282,1.48388514244,10.856190476190477,3.052869537428095,7427.679657924241
oculus_audio_pack/voice_male_breathing_01.wav,oculus_audio_pack,reference,default,qoa,478758,1,44100,193768,b00c92503951df2256902d4da1c1d288a18bc29cabc1feb0e78d8e7f0e2c0f7d,187bc49cbe8b16b7,7,True,4.654985714,4.7572899997,4.76404085674,10.856190476190477,9.7230452838386,2332.1640802334105
oculus_audio_pack/voice_male_scream_01.wav,oculus_audio_pack,baseline,high,checked,46245,1,44100,18756,478c56417f704756a22d77a8cb2f14582c919ade00960469380b882c18ad9274,bfb6973c6a6f5d75,7,True,0.144413942,0.1541583893,0.15434511386,1.0486394557823129,3.122801210941723,7261.345000763935
oculus_audio_pack/voice_male_scream_01.wav,oculus_audio_pack,candidate,high,checked,46245,1,44100,18756,478c56417f704756a22d77a8cb2f14582c919ade00960469380b882c18ad9274,bfb6973c6a6f5d75,7,True,0.14345619,0.1601939731,0.16053077302,1.0486394557823129,3.1020908206292575,7309.823687512631
oculus_audio_pack/voice_male_scream_01.wav,oculus_audio_pack,baseline,medium,checked,46245,1,44100,14748,e42cf9a5dd1905b243549f02b5a405240c3c2c48deb16d93be89175efa0d0be5,c9bfa680c873cb96,7,True,0.147155882,0.24250122949999992,0.2728172554999999,1.0486394557823129,3.1820928100335166,7126.045126638654
oculus_audio_pack/voice_male_scream_01.wav,oculus_audio_pack,candidate,medium,checked,46245,1,44100,14748,e42cf9a5dd1905b243549f02b5a405240c3c2c48deb16d93be89175efa0d0be5,c9bfa680c873cb96,7,True,0.150604,0.18770636749999997,0.19899791749999995,1.0486394557823129,3.256654773489026,6962.892458250199
oculus_audio_pack/voice_male_scream_01.wav,oculus_audio_pack,baseline,low,checked,46245,1,44100,14130,623d941cceb83722a080fb2df09d3d3c4399c8d38ef872bddf7fc307db8cb2a0,d2ac241fb6f8d588,7,True,0.14794335,0.21416119869999994,0.23305964133999996,1.0486394557823129,3.1991209860525465,7088.114847894905
oculus_audio_pack/voice_male_scream_01.wav,oculus_audio_pack,candidate,low,checked,46245,1,44100,14130,623d941cceb83722a080fb2df09d3d3c4399c8d38ef872bddf7fc307db8cb2a0,d2ac241fb6f8d588,7,True,0.144725,0.17344799749999998,0.1815188675,1.0486394557823129,3.129527516488269,7245.738163982123
oculus_audio_pack/voice_male_scream_01.wav,oculus_audio_pack,reference,default,qoa,46245,1,44100,18752,889b70677e4117f6b570798b0ac7dc8f09c8ffe002505e0fa6fd96fdd549343c,bfb6973c6a6f5d75,7,True,0.483779365,0.5296470002,0.53876654324,1.0486394557823129,10.461225321656395,2167.598561758236
oculus_audio_pack/swoosh_03.wav,oculus_audio_pack,baseline,high,checked,33827,1,44100,13716,e01864e2b1198462174393b8e9b7ddd055f6f60c3a3809cf7431908035ea731d,52393dd3dba35d76,7,True,0.104022145,0.11212087409999999,0.11412035802,0.7670521541950114,3.0751217961983026,7373.931331593012
oculus_audio_pack/swoosh_03.wav,oculus_audio_pack,candidate,high,checked,33827,1,44100,13716,e01864e2b1198462174393b8e9b7ddd055f6f60c3a3809cf7431908035ea731d,52393dd3dba35d76,7,True,0.104301736,0.1063287783,0.10645611006,0.7670521541950114,3.083387116800189,7354.164787775069
oculus_audio_pack/swoosh_03.wav,oculus_audio_pack,baseline,medium,checked,33827,1,44100,10566,66f75dd2498feec7341a60c03bffca7597ea1fad63d9bd19e307175d238b5f4d,2c7ed51eafdba6a9,7,True,0.10523986,0.136269503,0.14600700379999998,0.7670521541950114,3.111120111153812,7288.608652605689
oculus_audio_pack/swoosh_03.wav,oculus_audio_pack,candidate,medium,checked,33827,1,44100,10566,66f75dd2498feec7341a60c03bffca7597ea1fad63d9bd19e307175d238b5f4d,2c7ed51eafdba6a9,7,True,0.104968182,0.1068819345,0.10710495810000001,0.7670521541950114,3.103088716114346,7307.4729844803005
oculus_audio_pack/swoosh_03.wav,oculus_audio_pack,baseline,low,checked,33827,1,44100,10376,617e6f7ccf9ed32c67deb74236f1c3a6f347d30afa80c5a0c8514fa63cc87f4c,6dc1737d081992c4,7,True,0.104291319,0.1072241096,0.10817868512,0.7670521541950114,3.0830791675288967,7354.899348765657
oculus_audio_pack/swoosh_03.wav,oculus_audio_pack,candidate,low,checked,33827,1,44100,10376,617e6f7ccf9ed32c67deb74236f1c3a6f347d30afa80c5a0c8514fa63cc87f4c,6dc1737d081992c4,7,True,0.103516207,0.109617014,0.109967066,0.7670521541950114,3.0601651639223104,7409.971601789963
oculus_audio_pack/swoosh_03.wav,oculus_audio_pack,reference,default,qoa,33827,1,44100,13712,6e8fc878526e4f5a683f81d4d20e0d0a0d504859b1b675f3816a6e128aacfa87,52393dd3dba35d76,7,True,0.346632184,0.3702136104,0.37499972208,0.7670521541950114,10.247204422502735,2212.870557325431
