voices,callback_frames,scenario,revision,blocks,rate,channels,ring_pcm_bytes,voice_state_bytes,worker_total_ms_median,copy_mix_total_ms_median,worker_p99_ms_median,copy_mix_p99_ms_median,simulated_budget_exceedances_median
1,128,steady,baseline,54,44100,1,40960,144,0.0493,0.0028,0.022707,0.0001,0
1,128,steady,candidate,54,44100,1,40960,144,0.0414,0.0028,0.019041,0.0001,0
1,128,start,baseline,1000,44100,1,40960,144,1.4119,0.0496,0.037903,0.0001,0
1,128,start,candidate,1000,44100,1,40960,144,1.1619,0.0501,0.0319,0.0001,0
1,128,loop,baseline,1000,44100,1,40960,144,0.8513,0.0501,0.028502,0.0001,0
1,128,loop,candidate,1000,44100,1,40960,144,0.6663,0.0502,0.0233,0.0001,0
1,256,steady,baseline,27,44100,1,40960,144,0.0533,0.0021,0.039172,0.0001,0
1,256,steady,candidate,27,44100,1,40960,144,0.0429,0.0023,0.031402,0.000174,0
1,256,start,baseline,1000,44100,1,40960,144,1.4512,0.069,0.039503,0.0001,0
1,256,start,candidate,1000,44100,1,40960,144,1.2077,0.0704,0.032802,0.0001,0
1,256,loop,baseline,1000,44100,1,40960,144,1.6816,0.0803,0.029403,0.0001,0
1,256,loop,candidate,1000,44100,1,40960,144,1.41,0.0802,0.023801,0.0001,0
1,512,steady,baseline,14,44100,1,40960,144,0.0498,0.0021,0.043078,0.000287,0
1,512,steady,candidate,14,44100,1,40960,144,0.0407,0.0021,0.035074,0.000287,0
1,512,start,baseline,1000,44100,1,40960,144,1.2811,0.0708,0.038404,0.0002,0
1,512,start,candidate,1000,44100,1,40960,144,1.2268,0.0709,0.032201,0.0002,0
1,512,loop,baseline,1000,44100,1,40960,144,3.0938,0.1434,0.0301,0.0003,0
1,512,loop,candidate,1000,44100,1,40960,144,2.5315,0.1419,0.025005,0.0002,0
16,128,steady,baseline,54,44100,1,655360,2304,0.7793,0.0318,0.364497,0.00107,0
16,128,steady,candidate,54,44100,1,655360,2304,0.6614,0.0325,0.309131,0.001358,0
16,128,start,baseline,1000,44100,1,655360,2304,18.4243,0.5825,0.569907,0.000701,0
16,128,start,candidate,1000,44100,1,655360,2304,15.1825,0.5738,0.463511,0.0006,0
16,128,loop,baseline,1000,44100,1,655360,2304,11.855,0.5816,0.437612,0.0008,0
16,128,loop,candidate,1000,44100,1,655360,2304,9.8404,0.5866,0.354406,0.0008,0
16,256,steady,baseline,27,44100,1,655360,2304,0.7613,0.0277,0.561908,0.00184,0
16,256,steady,candidate,27,44100,1,655360,2304,0.6579,0.0289,0.48527,0.002432,0
16,256,start,baseline,1000,44100,1,655360,2304,18.4829,0.8562,0.573105,0.0012,0
16,256,start,candidate,1000,44100,1,655360,2304,15.2492,0.8622,0.471305,0.0013,0
16,256,loop,baseline,1000,44100,1,655360,2304,22.7273,1.0325,0.444905,0.0014,0
16,256,loop,candidate,1000,44100,1,655360,2304,18.5892,1.035,0.358302,0.0014,0
16,512,steady,baseline,14,44100,1,655360,2304,0.7706,0.0267,0.669478,0.003205,0
16,512,steady,candidate,14,44100,1,655360,2304,0.6396,0.0277,0.555186,0.003653,0
16,512,start,baseline,1000,44100,1,655360,2304,18.5639,0.8369,0.576103,0.0022,0
16,512,start,candidate,1000,44100,1,655360,2304,15.1598,0.8318,0.4661,0.0021,0
16,512,loop,baseline,1000,44100,1,655360,2304,44.3504,1.9613,0.454901,0.002701,0
16,512,loop,candidate,1000,44100,1,655360,2304,36.2282,1.9599,0.360508,0.002801,0
64,128,steady,baseline,54,44100,1,2621440,9216,2.3613,0.1214,1.104283,0.002776,0
64,128,steady,candidate,54,44100,1,2621440,9216,1.8563,0.1211,0.867215,0.002729,0
64,128,start,baseline,1000,44100,1,2621440,9216,72.7543,2.3288,2.281939,0.003301,0
64,128,start,candidate,1000,44100,1,2621440,9216,59.8362,2.3239,1.868321,0.003201,0
64,128,loop,baseline,1000,44100,1,2621440,9216,45.5924,2.4865,1.694737,0.007903,1
64,128,loop,candidate,1000,44100,1,2621440,9216,37.5038,2.4611,1.401026,0.0079,1
64,256,steady,baseline,27,44100,1,2621440,9216,2.2781,0.1092,1.681532,0.005022,0
64,256,steady,candidate,27,44100,1,2621440,9216,1.8508,0.1078,1.364934,0.004396,0
64,256,start,baseline,1000,44100,1,2621440,9216,73.0096,3.4211,2.281676,0.005402,0
64,256,start,candidate,1000,44100,1,2621440,9216,60.1299,3.4254,1.883018,0.0052,0
64,256,loop,baseline,1000,44100,1,2621440,9216,87.6484,4.6096,1.726406,0.010801,0
64,256,loop,candidate,1000,44100,1,2621440,9216,72.568,4.5836,1.420303,0.0106,0
64,512,steady,baseline,14,44100,1,2621440,9216,2.3284,0.1048,2.022963,0.009118,0
64,512,steady,candidate,14,44100,1,2621440,9216,1.8798,0.1017,1.632446,0.00847,0
64,512,start,baseline,1000,44100,1,2621440,9216,73.1613,3.3291,2.29873,0.009101,0
64,512,start,candidate,1000,44100,1,2621440,9216,59.7556,3.3316,1.86801,0.009501,0
64,512,loop,baseline,1000,44100,1,2621440,9216,171.5428,9.2281,1.733226,0.0159,0
64,512,loop,candidate,1000,44100,1,2621440,9216,142.4558,8.9066,1.428953,0.0152,0
128,128,steady,baseline,54,44100,1,5242880,18432,4.6136,0.2752,2.157524,0.007521,1
128,128,steady,candidate,54,44100,1,5242880,18432,3.7024,0.2548,1.72879,0.007092,1
128,128,start,baseline,1000,44100,1,5242880,18432,146.3957,5.0402,4.595376,0.013204,32
128,128,start,candidate,1000,44100,1,5242880,18432,119.4503,4.8462,3.724958,0.012002,32
128,128,loop,baseline,1000,44100,1,5242880,18432,89.4332,6.3687,3.346968,0.0181,19
128,128,loop,candidate,1000,44100,1,5242880,18432,74.7068,6.2521,2.785941,0.017603,1
128,256,steady,baseline,27,44100,1,5242880,18432,4.5955,0.2397,3.391872,0.0134,0
128,256,steady,candidate,27,44100,1,5242880,18432,3.7318,0.2328,2.75229,0.012294,0
128,256,start,baseline,1000,44100,1,5242880,18432,146.4439,7.846,4.557848,0.017801,0
128,256,start,candidate,1000,44100,1,5242880,18432,119.1368,7.5002,3.709551,0.016103,0
128,256,loop,baseline,1000,44100,1,5242880,18432,173.6249,11.263,3.399703,0.024102,1
128,256,loop,candidate,1000,44100,1,5242880,18432,144.7555,11.3381,2.818985,0.024,1
128,512,steady,baseline,14,44100,1,5242880,18432,4.5767,0.224,3.976487,0.021514,0
128,512,steady,candidate,14,44100,1,5242880,18432,3.7214,0.2198,3.232241,0.021141,0
128,512,start,baseline,1000,44100,1,5242880,18432,146.3216,7.5105,4.553751,0.025706,0
128,512,start,candidate,1000,44100,1,5242880,18432,119.7528,7.3964,3.726608,0.025201,0
128,512,loop,baseline,1000,44100,1,5242880,18432,340.8552,20.9752,3.427219,0.036901,0
128,512,loop,candidate,1000,44100,1,5242880,18432,281.1147,20.58,2.819835,0.034309,0
