asset,category,quality,mode,baseline_ms,candidate_ms,qoa_ms,speedup,time_reduction,candidate_over_qoa_time,decoded_identical
bandcamp/allegaeon-beasts-and-worms.wav,bandcamp,high,checked,31.8731,31.2982,39.0338,1.0183684684742254,0.018037153587194155,0.8018230354205843,True
bandcamp/allegaeon-beasts-and-worms.wav,bandcamp,medium,checked,33.1773,33.1731,39.0338,1.0001266086075769,0.0001265925798664691,0.8498557660284164,True
bandcamp/allegaeon-beasts-and-worms.wav,bandcamp,low,checked,32.4729,32.6389,39.0338,0.9949140442845807,-0.005111954891617199,0.8361701909627042,True
bandcamp/darkside_narrow_road.wav,bandcamp,high,checked,30.3615,29.9166,37.8653,1.0148713423316822,0.014653426214119913,0.7900795715338318,True
bandcamp/darkside_narrow_road.wav,bandcamp,medium,checked,30.0202,29.8025,37.8653,1.00730475631239,0.007251783798908784,0.7870662585533457,True
bandcamp/darkside_narrow_road.wav,bandcamp,low,checked,30.5104,29.865,37.8653,1.0216105809475975,0.021153442760501462,0.7887168462946286,True
bandcamp/forest_swords_annekas_battle.wav,bandcamp,high,checked,29.8618,29.523,37.9475,1.0114757985299596,0.011345598724792127,0.7779959154094473,True
bandcamp/forest_swords_annekas_battle.wav,bandcamp,medium,checked,29.8934,29.3813,37.9475,1.0174294534278605,0.01713087169743155,0.774261809078332,True
bandcamp/forest_swords_annekas_battle.wav,bandcamp,low,checked,30.3853,29.32,37.9475,1.0363335607094133,0.0350597163760108,0.7726464193952172,True
bandcamp/four_tet_baby.wav,bandcamp,high,checked,14.5197,14.3291,18.1849,1.0133016030315931,0.013126992981948638,0.7879669396037372,True
bandcamp/four_tet_baby.wav,bandcamp,medium,checked,14.7417,14.5136,18.1849,1.015716293683166,0.01547311368431048,0.798112719893978,True
bandcamp/four_tet_baby.wav,bandcamp,low,checked,14.8647,14.5561,18.1849,1.0212007337130138,0.020760593890223,0.8004498237548736,True
bandcamp/inverse_phase_atarible_lie.wav,bandcamp,high,checked,12.6499,12.5348,15.9168,1.0091824360979034,0.009098886157202779,0.7875201045436269,True
bandcamp/inverse_phase_atarible_lie.wav,bandcamp,medium,checked,13.4402,13.3352,15.9168,1.0078738976543284,0.007812383744289497,0.8378065942903096,True
bandcamp/inverse_phase_atarible_lie.wav,bandcamp,low,checked,12.8849,12.6253,15.9168,1.0205618876383136,0.02014761464970627,0.793205920788098,True
bandcamp/julien_baker_sprained_ankle.wav,bandcamp,high,checked,11.6825,11.5568,14.4944,1.0108767132770315,0.010759683286967525,0.797328623468374,True
bandcamp/julien_baker_sprained_ankle.wav,bandcamp,medium,checked,12.2088,11.6022,14.4944,1.0522831876713037,0.04968547277373703,0.8004608676454354,True
bandcamp/julien_baker_sprained_ankle.wav,bandcamp,low,checked,11.727,11.5196,14.4944,1.0180040973644917,0.017685682612773923,0.7947621150237333,True
bandcamp/lorn_drawn_out_like_an_ache.wav,bandcamp,high,checked,9.2375,9.10005,11.2138,1.0151043126136672,0.014879566982408776,0.8115045747204337,True
bandcamp/lorn_drawn_out_like_an_ache.wav,bandcamp,medium,checked,9.4647,9.07245,11.2138,1.043235289254832,0.04144346888966377,0.8090433216215733,True
bandcamp/lorn_drawn_out_like_an_ache.wav,bandcamp,low,checked,9.2606,9.11485,11.2138,1.0159903893097528,0.015738721033194403,0.8128243771067791,True
bandcamp/nils_frahm_all_melody.wav,bandcamp,high,checked,21.8849,21.6111,27.0087,1.012669415254198,0.01251090934845478,0.8001532839418409,True
bandcamp/nils_frahm_all_melody.wav,bandcamp,medium,checked,21.5333,21.5603,27.0087,0.9987476983158861,-0.001253871910018578,0.7982724085202176,True
bandcamp/nils_frahm_all_melody.wav,bandcamp,low,checked,21.595,21.4529,27.0087,1.0066238130975298,0.006580226904375985,0.7942959120579665,True
bandcamp/planes_mistaken_for_stars_one_fucked_pony.wav,bandcamp,high,checked,13.5598,13.3086,16.3495,1.018875013149392,0.018525346981518864,0.8140065445426466,True
bandcamp/planes_mistaken_for_stars_one_fucked_pony.wav,bandcamp,medium,checked,14.2647,14.2301,16.3495,1.0024314656959543,0.0024255680105434996,0.8703691244380563,True
bandcamp/planes_mistaken_for_stars_one_fucked_pony.wav,bandcamp,low,checked,13.7518,13.7422,16.3495,1.000698578102487,0.0006980904317979153,0.8405272332487232,True
bandcamp/whalerider_devil_got_me.wav,bandcamp,high,checked,22.275,21.9117,27.9509,1.0165801831898027,0.016309764309764274,0.7839354010067654,True
bandcamp/whalerider_devil_got_me.wav,bandcamp,medium,checked,24.0984,23.9816,27.9509,1.0048704006404912,0.004846794807954136,0.8579902614942632,True
bandcamp/whalerider_devil_got_me.wav,bandcamp,low,checked,22.5761,22.4908,27.9509,1.0037926618884165,0.003778331952817404,0.8046538751882766,True
oculus_audio_pack/Indoor_drawer_close_02.wav,oculus_audio_pack,high,checked,0.155372308,0.135940541,0.151557576,1.1429431342339589,0.12506583219449885,0.896956421366887,True
oculus_audio_pack/Indoor_drawer_close_02.wav,oculus_audio_pack,medium,checked,0.159052381,0.137357534,0.151557576,1.1579443541844598,0.13640064275428854,0.9063059572818716,True
oculus_audio_pack/Indoor_drawer_close_02.wav,oculus_audio_pack,low,checked,0.1581125,0.133642667,0.151557576,1.1830989574609432,0.15476216617914462,0.8817946982736118,True
oculus_audio_pack/Indoor_fan_off.wav,oculus_audio_pack,high,checked,0.849616667,0.741578571,0.828676923,1.1456866476795755,0.127160989415948,0.8948946814101157,True
oculus_audio_pack/Indoor_fan_off.wav,oculus_audio_pack,medium,checked,0.877258333,0.7349,0.828676923,1.1937111620628658,0.16227641008911342,0.8868353632191107,True
oculus_audio_pack/Indoor_fan_off.wav,oculus_audio_pack,low,checked,0.871616667,0.735821429,0.828676923,1.1845491754494688,0.15579697261571512,0.8879472911302492,True
oculus_audio_pack/Indoor_switch_small_on_01.wav,oculus_audio_pack,high,checked,0.050146,0.043274138,0.049033824,1.1587983566535747,0.13703709169225875,0.8825364711510161,True
oculus_audio_pack/Indoor_switch_small_on_01.wav,oculus_audio_pack,medium,checked,0.053110053,0.04392193,0.049033824,1.2091921507092243,0.17300157843939634,0.8957475965978098,True
oculus_audio_pack/Indoor_switch_small_on_01.wav,oculus_audio_pack,low,checked,0.052083333,0.043543478,0.049033824,1.1961224824530554,0.1639652170493775,0.8880294141448156,True
oculus_audio_pack/action_drop_coin_01.wav,oculus_audio_pack,high,checked,0.093457944,0.079974603,0.09034955,1.1685952851807215,0.14427174858458258,0.8851688027223158,True
oculus_audio_pack/action_drop_coin_01.wav,oculus_audio_pack,medium,checked,0.094943396,0.080787097,0.09034955,1.1752297028323717,0.14910251367035576,0.894161586859038,True
oculus_audio_pack/action_drop_coin_01.wav,oculus_audio_pack,low,checked,0.096057143,0.0800184,0.09034955,1.200438186717055,0.16697085192300587,0.8856535533381185,True
oculus_audio_pack/action_drop_paper_ball.wav,oculus_audio_pack,high,checked,0.137215068,0.118081176,0.130987013,1.1620401544781362,0.13944453972066684,0.9014723925340598,True
oculus_audio_pack/action_drop_paper_ball.wav,oculus_audio_pack,medium,checked,0.141529577,0.116510465,0.130987013,1.2147370367116808,0.17677656169353206,0.8894810434374893,True
oculus_audio_pack/action_drop_paper_ball.wav,oculus_audio_pack,low,checked,0.139088889,0.117590698,0.130987013,1.1828222075865218,0.1545644023369832,0.8977279144459915,True
oculus_audio_pack/action_shell_casing_on_grass_01.wav,oculus_audio_pack,high,checked,0.05603352,0.048781068,0.052432461,1.1486734976774187,0.12943059797064338,0.9303600683553648,True
oculus_audio_pack/action_shell_casing_on_grass_01.wav,oculus_audio_pack,medium,checked,0.056932955,0.048035407,0.052432461,1.1852289499701751,0.15628115561540756,0.916138706516179,True
oculus_audio_pack/action_shell_casing_on_grass_01.wav,oculus_audio_pack,low,checked,0.057933526,0.048175,0.052432461,1.2025641100155682,0.16844350195429147,0.9188010457872653,True
oculus_audio_pack/action_sword_scrape_02.wav,oculus_audio_pack,high,checked,0.161454839,0.137664384,0.149244118,1.1728148872550797,0.14735052320110387,0.9224107847251977,True
oculus_audio_pack/action_sword_scrape_02.wav,oculus_audio_pack,medium,checked,0.161874194,0.136327027,0.149244118,1.187396201341646,0.15782112249467017,0.9134499156609976,True
oculus_audio_pack/action_sword_scrape_02.wav,oculus_audio_pack,low,checked,0.160349206,0.135682432,0.149244118,1.181797846901801,0.15383159427680615,0.9091308509726326,True
oculus_audio_pack/action_typing.wav,oculus_audio_pack,high,checked,2.09322,1.797583333,2.03428,1.1644634001510294,0.14123535366564433,0.8836459744971195,True
oculus_audio_pack/action_typing.wav,oculus_audio_pack,medium,checked,2.09396,1.8207,2.03428,1.1500851320920524,0.13049914993600642,0.895009536543642,True
oculus_audio_pack/action_typing.wav,oculus_audio_pack,low,checked,2.18128,1.817983333,2.03428,1.1998349822055272,0.1665520552152865,0.8936740925536308,True
oculus_audio_pack/ambience_forest_birds_02.wav,oculus_audio_pack,high,checked,0.823392308,0.7255,0.795623077,1.1349308173673327,0.11888902416125069,0.9118639478578121,True
oculus_audio_pack/ambience_forest_birds_02.wav,oculus_audio_pack,medium,checked,0.856591667,0.745814286,0.795623077,1.1485321253285834,0.12932343993955753,0.9373964978645284,True
oculus_audio_pack/ambience_forest_birds_02.wav,oculus_audio_pack,low,checked,0.846883333,0.720971429,0.795623077,1.174642016223364,0.14867680009000717,0.9061720930952836,True
oculus_audio_pack/ambience_forest_birds_03.wav,oculus_audio_pack,high,checked,0.350565517,0.299308824,0.330919355,1.1712501900712424,0.14621145125349,0.9044766329850967,True
oculus_audio_pack/ambience_forest_birds_03.wav,oculus_audio_pack,medium,checked,0.358103571,0.298714706,0.330919355,1.1988146676648723,0.16584270532169587,0.9026812771347266,True
oculus_audio_pack/ambience_forest_birds_03.wav,oculus_audio_pack,low,checked,0.356451724,0.309769697,0.330919355,1.1506991402067324,0.13096311185185916,0.9360881807593272,True
oculus_audio_pack/ambient_city_rain_lp.wav,oculus_audio_pack,high,checked,10.3077,10.2957,12.8891,1.001165535126315,0.0011641782356879293,0.7987912266954249,True
oculus_audio_pack/ambient_city_rain_lp.wav,oculus_audio_pack,medium,checked,10.6248,10.10335,12.8891,1.0516115941742095,0.04907857089074619,0.7838677642348962,True
oculus_audio_pack/ambient_city_rain_lp.wav,oculus_audio_pack,low,checked,10.1379,10.26,12.8891,0.9880994152046784,-0.012043914420146073,0.7960214444763405,True
oculus_audio_pack/ambient_farm_generic_lp.wav,oculus_audio_pack,high,checked,20.6788,20.4698,25.4178,1.0102101632649072,0.010106969456641579,0.8053332703853205,True
oculus_audio_pack/ambient_farm_generic_lp.wav,oculus_audio_pack,medium,checked,21.2075,20.1587,25.4178,1.0520271644500885,0.04945420252269239,0.7930938161445916,True
oculus_audio_pack/ambient_farm_generic_lp.wav,oculus_audio_pack,low,checked,20.5659,20.4421,25.4178,1.006056129262649,0.0060196733427664295,0.8042434829135487,True
oculus_audio_pack/ambient_night_lp.wav,oculus_audio_pack,high,checked,11.4041,10.7165,13.764,1.0641627397004618,0.06029410475179975,0.7785890729439117,True
oculus_audio_pack/ambient_night_lp.wav,oculus_audio_pack,medium,checked,11.2158,10.8512,13.764,1.033599970510174,0.03250771233438532,0.78837547224644,True
oculus_audio_pack/ambient_night_lp.wav,oculus_audio_pack,low,checked,11.1505,10.8676,13.764,1.0260315064963745,0.025371059593740197,0.7895669863411799,True
oculus_audio_pack/ambient_water_lake_shore_01_lp.wav,oculus_audio_pack,high,checked,10.8051,10.813,13.8101,0.9992693979469156,-0.0007311362227098162,0.782977675759046,True
oculus_audio_pack/ambient_water_lake_shore_01_lp.wav,oculus_audio_pack,medium,checked,11.5441,11.1381,13.8101,1.036451459405105,0.0351694805138556,0.806518417679814,True
oculus_audio_pack/ambient_water_lake_shore_01_lp.wav,oculus_audio_pack,low,checked,10.6675,10.8572,13.8101,0.9825277235382972,-0.01778298570424197,0.7861782318737736,True
oculus_audio_pack/ambient_wind_chimes_lp_01.wav,oculus_audio_pack,high,checked,3.633133333,3.353075,3.5329,1.0835228359043565,0.07708451832918184,0.949099889609103,True
oculus_audio_pack/ambient_wind_chimes_lp_01.wav,oculus_audio_pack,medium,checked,3.9754,3.244425,3.5329,1.2253018639666504,0.18387457865875134,0.9183461179201222,True
oculus_audio_pack/ambient_wind_chimes_lp_01.wav,oculus_audio_pack,low,checked,3.914333333,3.315325,3.5329,1.1806786161236078,0.15302946428962183,0.9384146168869767,True
oculus_audio_pack/ambient_wood_cut_axe.wav,oculus_audio_pack,high,checked,2.17066,1.915766667,2.0907,1.1330503016837383,0.11742665041968792,0.9163278648299612,True
oculus_audio_pack/ambient_wood_cut_axe.wav,oculus_audio_pack,medium,checked,2.2173,1.8426,2.0907,1.2033539563660045,0.16898931132458384,0.8813316114220118,True
oculus_audio_pack/ambient_wood_cut_axe.wav,oculus_audio_pack,low,checked,2.18096,1.868416667,2.0907,1.1672771060760398,0.14330539441346923,0.8936799478643517,True
oculus_audio_pack/body_movement_clothing_generic_04.wav,oculus_audio_pack,high,checked,0.116201149,0.098335294,0.109056522,1.181683038441925,0.15374938332150223,0.9016910882230409,True
oculus_audio_pack/body_movement_clothing_generic_04.wav,oculus_audio_pack,medium,checked,0.117290698,0.098732353,0.109056522,1.1879661978682916,0.1582252072538609,0.9053319433751976,True
oculus_audio_pack/body_movement_clothing_generic_04.wav,oculus_audio_pack,low,checked,0.115611494,0.097359223,0.109056522,1.1874734661758752,0.15787592019181074,0.8927409495050649,True
oculus_audio_pack/body_movement_withGear_03.wav,oculus_audio_pack,high,checked,0.118955294,0.102166327,0.106630851,1.1643297502512742,0.1411367786624108,0.9581310290771289,True
oculus_audio_pack/body_movement_withGear_03.wav,oculus_audio_pack,medium,checked,0.118670588,0.102366327,0.106630851,1.1592736740471308,0.13739091779000878,0.9600066588608581,True
oculus_audio_pack/body_movement_withGear_03.wav,oculus_audio_pack,low,checked,0.1155,0.10044,0.106630851,1.1499402628434887,0.1303896103896104,0.9419412773888488,True
oculus_audio_pack/bounce_cartoony_03.wav,oculus_audio_pack,high,checked,0.17199322,0.146811594,0.15991746,1.171523415241987,0.1464105736261,0.9180460595109501,True
oculus_audio_pack/bounce_cartoony_03.wav,oculus_audio_pack,medium,checked,0.177007018,0.142661972,0.15991746,1.2407442257983088,0.19403211459107228,0.8920975358162891,True
oculus_audio_pack/bounce_cartoony_03.wav,oculus_audio_pack,low,checked,0.175324138,0.143801429,0.15991746,1.219209984345844,0.17979674310447757,0.8992228178211434,True
oculus_audio_pack/car_engine_high_lp.wav,oculus_audio_pack,high,checked,0.463504545,0.394438462,0.443,1.1750997675272348,0.14900842665954872,0.8903802753950338,True
oculus_audio_pack/car_engine_high_lp.wav,oculus_audio_pack,medium,checked,0.526910526,0.467868182,0.443,1.1261943989172574,0.11205383283612746,1.0561358510158014,True
oculus_audio_pack/car_engine_high_lp.wav,oculus_audio_pack,low,checked,0.46865,0.40754,0.443,1.149948471315699,0.13039581777445852,0.9199548532731378,True
oculus_audio_pack/car_start_run_stop_01.wav,oculus_audio_pack,high,checked,1.2880375,1.08302,1.177211111,1.1893016749459842,0.15917044340712116,0.9199879188024416,True
oculus_audio_pack/car_start_run_stop_01.wav,oculus_audio_pack,medium,checked,1.258275,1.08506,1.177211111,1.1596363334746467,0.13766068625697891,0.9217208280325174,True
oculus_audio_pack/car_start_run_stop_01.wav,oculus_audio_pack,low,checked,1.2966375,1.0843,1.177211111,1.195829106335885,0.16376011028525705,0.9210752343977834,True
oculus_audio_pack/car_trunk_close.wav,oculus_audio_pack,high,checked,0.09206789,0.0803384,0.087488696,1.1460010405982692,0.1274004433033058,0.9182717730756896,True
oculus_audio_pack/car_trunk_close.wav,oculus_audio_pack,medium,checked,0.096602885,0.081445528,0.087488696,1.1861042266188022,0.15690377155920343,0.9309262993244293,True
oculus_audio_pack/car_trunk_close.wav,oculus_audio_pack,low,checked,0.095450943,0.079074803,0.087488696,1.2070968169215672,0.171566036806991,0.9038287986370261,True
oculus_audio_pack/creepy_blood_squish_slimy_03.wav,oculus_audio_pack,high,checked,0.401724,0.31954375,0.352824138,1.2571799636200052,0.20456893289920441,0.9056742880783287,True
oculus_audio_pack/creepy_blood_squish_slimy_03.wav,oculus_audio_pack,medium,checked,0.385538462,0.323396774,0.352824138,1.192153085608702,0.16118155287967095,0.9165948107552664,True
oculus_audio_pack/creepy_blood_squish_slimy_03.wav,oculus_audio_pack,low,checked,0.386646154,0.31666875,0.352824138,1.2209798219748556,0.18098564611611268,0.8975257526172996,True
oculus_audio_pack/creepy_chains_02.wav,oculus_audio_pack,high,checked,0.510755,0.445669565,0.484095238,1.1460396673037343,0.12742985384381944,0.9206237327209569,True
oculus_audio_pack/creepy_chains_02.wav,oculus_audio_pack,medium,checked,0.517975,0.440913043,0.484095238,1.1747781296639936,0.14877543703846707,0.9107981413359824,True
oculus_audio_pack/creepy_chains_02.wav,oculus_audio_pack,low,checked,0.519395,0.436073913,0.484095238,1.1910710191921068,0.16041950153544038,0.9008019058431639,True
oculus_audio_pack/creepy_creature_03.wav,oculus_audio_pack,high,checked,0.332367742,0.2845,0.310621212,1.1682521687170477,0.14402042060989195,0.9159065415017439,True
oculus_audio_pack/creepy_creature_03.wav,oculus_audio_pack,medium,checked,0.344026667,0.295726471,0.310621212,1.1633272660261786,0.1403966629133433,0.9520485387842734,True
oculus_audio_pack/creepy_creature_03.wav,oculus_audio_pack,low,checked,0.333132258,0.278616667,0.310621212,1.195665218405617,0.16364548821327307,0.8969660030815925,True
oculus_audio_pack/creepy_drone_02.wav,oculus_audio_pack,high,checked,13.8267,13.5986,17.3923,1.0167737855367465,0.016497067268401056,0.7818747376712684,True
oculus_audio_pack/creepy_drone_02.wav,oculus_audio_pack,medium,checked,13.805,13.6199,17.3923,1.0135904081527765,0.013408185440057951,0.7830994175583448,True
oculus_audio_pack/creepy_drone_02.wav,oculus_audio_pack,low,checked,14.0266,13.2926,17.3923,1.0552186931074432,0.052329146051074416,0.764280744927353,True
oculus_audio_pack/creepy_impacts_reverb_01.wav,oculus_audio_pack,high,checked,0.514385,0.438856522,0.478490476,1.1721028951690047,0.14683258259863707,0.9171687714010007,True
oculus_audio_pack/creepy_impacts_reverb_01.wav,oculus_audio_pack,medium,checked,0.534184211,0.443508696,0.478490476,1.204450365500838,0.16974577895189802,0.9268913766216739,True
oculus_audio_pack/creepy_impacts_reverb_01.wav,oculus_audio_pack,low,checked,0.536010526,0.435908696,0.478490476,1.2296394426597996,0.18675347804643672,0.9110080928758131,True
oculus_audio_pack/creepy_scratch_02.wav,oculus_audio_pack,high,checked,0.249065854,0.213329787,0.23937619,1.167515598747586,0.14348039454657646,0.891190502280114,True
oculus_audio_pack/creepy_scratch_02.wav,oculus_audio_pack,medium,checked,0.260966667,0.223686667,0.23937619,1.1666616991525918,0.14285349323942576,0.93445662661771,True
oculus_audio_pack/creepy_scratch_02.wav,oculus_audio_pack,low,checked,0.263010256,0.215053191,0.23937619,1.2230009458450677,0.1823391442195319,0.8983900654446878,True
oculus_audio_pack/creepy_skull_cracking_02.wav,oculus_audio_pack,high,checked,0.225646667,0.194813462,0.212352083,1.1582704022784627,0.13664374222731157,0.9174078221780382,True
oculus_audio_pack/creepy_skull_cracking_02.wav,oculus_audio_pack,medium,checked,0.236637209,0.199323529,0.212352083,1.1872015822075876,0.15768306327514192,0.9386464506684401,True
oculus_audio_pack/creepy_skull_cracking_02.wav,oculus_audio_pack,low,checked,0.235772093,0.195684615,0.212352083,1.2048575867857572,0.1700263906975623,0.9215102213054346,True
oculus_audio_pack/creepy_whispers_01.wav,oculus_audio_pack,high,checked,0.6409125,0.557461111,0.596605882,1.1496990325482992,0.130207148401693,0.9343875543620603,True
oculus_audio_pack/creepy_whispers_01.wav,oculus_audio_pack,medium,checked,0.675386667,0.556005556,0.596605882,1.214712082841129,0.176759650187172,0.9319478281643895,True
oculus_audio_pack/creepy_whispers_01.wav,oculus_audio_pack,low,checked,0.674466667,0.549947368,0.596605882,1.226420392651102,0.18461890719352636,0.9217934059858968,True
oculus_audio_pack/door_lock_key_03.wav,oculus_audio_pack,high,checked,0.240911905,0.209725,0.235686047,1.1487038025986411,0.12945356519429796,0.8898490286953643,True
oculus_audio_pack/door_lock_key_03.wav,oculus_audio_pack,medium,checked,0.252845,0.212940426,0.235686047,1.1873978311661686,0.15782227847100005,0.9034918643274626,True
oculus_audio_pack/door_lock_key_03.wav,oculus_audio_pack,low,checked,0.252355,0.213968085,0.235686047,1.1794048631131133,0.1521147391571397,0.9078521521471316,True
oculus_audio_pack/doors_frontdoor_open_01.wav,oculus_audio_pack,high,checked,0.073416788,0.062789375,0.068361905,1.1692549575465594,0.14475453488921364,0.9184848637556252,True
oculus_audio_pack/doors_frontdoor_open_01.wav,oculus_audio_pack,medium,checked,0.074093333,0.063991083,0.068361905,1.1578696519325982,0.13634492593280956,0.9360634844801355,True
oculus_audio_pack/doors_frontdoor_open_01.wav,oculus_audio_pack,low,checked,0.075315789,0.063040252,0.068361905,1.1947253795876323,0.16298756426756666,0.9221547000482214,True
oculus_audio_pack/doors_office_doorknob_01.wav,oculus_audio_pack,high,checked,0.084613445,0.075024627,0.0805768,1.1278089393233504,0.11332499226334536,0.9310946451087657,True
oculus_audio_pack/doors_office_doorknob_01.wav,oculus_audio_pack,medium,checked,0.088123684,0.078044961,0.0805768,1.1291399581838473,0.11437019587152075,0.9685785610746517,True
oculus_audio_pack/doors_office_doorknob_01.wav,oculus_audio_pack,low,checked,0.08812193,0.076568702,0.0805768,1.1508870817739603,0.131105026864482,0.9502574190089454,True
oculus_audio_pack/doors_sliding_lock_01.wav,oculus_audio_pack,high,checked,0.056462921,0.049563861,0.05410973,1.1391953705947162,0.12218744403960258,0.9159879563250454,True
oculus_audio_pack/doors_sliding_lock_01.wav,oculus_audio_pack,medium,checked,0.057895376,0.049107843,0.05410973,1.178943575265564,0.15178298522493405,0.9075603038492337,True
oculus_audio_pack/doors_sliding_lock_01.wav,oculus_audio_pack,low,checked,0.05809422,0.049177451,0.05410973,1.1813182427857027,0.15348805784809583,0.9088467268271343,True
oculus_audio_pack/footsteps_shoe_concrete_run_04.wav,oculus_audio_pack,high,checked,0.020266599,0.017404348,0.019593933,1.1644560887888475,0.14122996167240487,0.8882518889903318,True
oculus_audio_pack/footsteps_shoe_concrete_run_04.wav,oculus_audio_pack,medium,checked,0.020926151,0.018243716,0.019593933,1.1470333675442,0.1281857805575426,0.9310900471079492,True
oculus_audio_pack/footsteps_shoe_concrete_run_04.wav,oculus_audio_pack,low,checked,0.021310851,0.017329585,0.019593933,1.2297381039419004,0.18681872441414926,0.8844362691247337,True
oculus_audio_pack/footsteps_shoe_dirt_run_03.wav,oculus_audio_pack,high,checked,0.045842466,0.03984502,0.041897908,1.1505193371718723,0.13082729886302358,0.9510026133047026,True
oculus_audio_pack/footsteps_shoe_dirt_run_03.wav,oculus_audio_pack,medium,checked,0.046433333,0.040186747,0.041897908,1.1554389560319476,0.13452805552425018,0.9591587961861964,True
oculus_audio_pack/footsteps_shoe_dirt_run_03.wav,oculus_audio_pack,low,checked,0.047268396,0.039605138,0.041897908,1.1934915111266624,0.16212223490723066,0.9452772200464042,True
oculus_audio_pack/footsteps_shoe_grass_run_02.wav,oculus_audio_pack,high,checked,0.047723333,0.041556846,0.043064378,1.1483867904700948,0.12921325088505442,0.9649935266683755,True
oculus_audio_pack/footsteps_shoe_grass_run_02.wav,oculus_audio_pack,medium,checked,0.050400503,0.041798333,0.043064378,1.2058017481223473,0.17067627281418207,0.97060110795052,True
oculus_audio_pack/footsteps_shoe_grass_run_02.wav,oculus_audio_pack,low,checked,0.049156373,0.041647718,0.043064378,1.1802897099908332,0.15275038701492483,0.9671036697662276,True
oculus_audio_pack/footsteps_shoe_grass_walk_05.wav,oculus_audio_pack,high,checked,0.094734906,0.081036,0.089079646,1.1690471642233082,0.14460251852680361,0.9097027619530504,True
oculus_audio_pack/footsteps_shoe_grass_walk_05.wav,oculus_audio_pack,medium,checked,0.094777358,0.081313821,0.089079646,1.165575013379337,0.14205436070501154,0.9128215552181247,True
oculus_audio_pack/footsteps_shoe_grass_walk_05.wav,oculus_audio_pack,low,checked,0.095172642,0.080931452,0.089079646,1.175966075587029,0.14963533322947997,0.9085291156186229,True
oculus_audio_pack/footsteps_shoe_metal_run_04.wav,oculus_audio_pack,high,checked,0.033156291,0.027940278,0.029134593,1.1866843629830741,0.15731593741893501,0.9590069784053615,True
oculus_audio_pack/footsteps_shoe_metal_run_04.wav,oculus_audio_pack,medium,checked,0.033139735,0.027799444,0.029134593,1.1921006405739625,0.16114465007037615,0.9541730684207601,True
oculus_audio_pack/footsteps_shoe_metal_run_04.wav,oculus_audio_pack,low,checked,0.032020128,0.027233967,0.029134593,1.175742336766436,0.14947351241069373,0.9347639419572465,True
oculus_audio_pack/footsteps_shoe_snow_walk_03.wav,oculus_audio_pack,high,checked,0.101084848,0.086147863,0.095530476,1.173387760065505,0.14776680477374804,0.9017840861590599,True
oculus_audio_pack/footsteps_shoe_snow_walk_03.wav,oculus_audio_pack,medium,checked,0.100829,0.086737931,0.095530476,1.162455673516123,0.13975214472026898,0.9079608375446596,True
oculus_audio_pack/footsteps_shoe_snow_walk_03.wav,oculus_audio_pack,low,checked,0.103407216,0.083307438,0.095530476,1.2412723099226746,0.19437500377149697,0.8720509044673869,True
oculus_audio_pack/indoor_hydraulic_01.wav,oculus_audio_pack,high,checked,0.559133333,0.488752381,0.529431579,1.144001246307995,0.12587507817209675,0.9231643906152412,True
oculus_audio_pack/indoor_hydraulic_01.wav,oculus_audio_pack,medium,checked,0.570605556,0.471568182,0.529431579,1.210017082959172,0.17356538673450972,0.8907065628588051,True
oculus_audio_pack/indoor_hydraulic_01.wav,oculus_audio_pack,low,checked,0.583811111,0.4822,0.529431579,1.2107239962671092,0.17404792249663092,0.9107881341547251,True
oculus_audio_pack/indoor_lever_pull_03.wav,oculus_audio_pack,high,checked,0.108351613,0.094124299,0.100944,1.1511545281203104,0.13130689618806146,0.932440749326359,True
oculus_audio_pack/indoor_lever_pull_03.wav,oculus_audio_pack,medium,checked,0.114043182,0.096085714,0.100944,1.1868900927353259,0.15746200417312106,0.9518714732921223,True
oculus_audio_pack/indoor_lever_pull_03.wav,oculus_audio_pack,low,checked,0.112973034,0.095106604,0.100944,1.1878568811057537,0.1581477399288046,0.9421719369155175,True
oculus_audio_pack/interaction_book_page_turns.wav,oculus_audio_pack,high,checked,0.49697619,0.407236,0.445817391,1.2203640886365645,0.18057241333835328,0.9134592059913607,True
oculus_audio_pack/interaction_book_page_turns.wav,oculus_audio_pack,medium,checked,0.486838095,0.408884,0.445817391,1.1906508814235823,0.16012324384762866,0.9171557867736928,True
oculus_audio_pack/interaction_book_page_turns.wav,oculus_audio_pack,low,checked,0.508495,0.405556,0.445817391,1.2538219136198208,0.2024385687174899,0.9096908469414107,True
oculus_audio_pack/interaction_faucet_on.wav,oculus_audio_pack,high,checked,0.129385897,0.113847727,0.122659756,1.1364820397336524,0.12009168201693576,0.9281587597483889,True
oculus_audio_pack/interaction_faucet_on.wav,oculus_audio_pack,medium,checked,0.132284211,0.112567416,0.122659756,1.1751554375202147,0.14904874021586756,0.9177208537737512,True
oculus_audio_pack/interaction_faucet_on.wav,oculus_audio_pack,low,checked,0.136345946,0.112093333,0.122659756,1.2163608874044274,0.177875571012577,0.9138558289647992,True
oculus_audio_pack/interaction_knapsack_nylon_close.wav,oculus_audio_pack,high,checked,0.158539062,0.132068421,0.14707971,1.2004312673655728,0.16696605029743405,0.8979377305000125,True
oculus_audio_pack/interaction_knapsack_nylon_close.wav,oculus_audio_pack,medium,checked,0.159831746,0.139181944,0.14707971,1.1483655236199315,0.12919712458124555,0.9463028177034072,True
oculus_audio_pack/interaction_knapsack_nylon_close.wav,oculus_audio_pack,low,checked,0.162175806,0.139148611,0.14707971,1.1654863446678603,0.14198908929732712,0.946076185491527,True
oculus_audio_pack/interaction_magic_spell_01.wav,oculus_audio_pack,high,checked,0.281166667,0.245646341,0.267094737,1.144599450801508,0.12633192397589577,0.9196974218177874,True
oculus_audio_pack/interaction_magic_spell_01.wav,oculus_audio_pack,medium,checked,0.296223529,0.244765854,0.267094737,1.2102322450581688,0.17371231506731521,0.916400887375029,True
oculus_audio_pack/interaction_magic_spell_01.wav,oculus_audio_pack,low,checked,0.29585,0.242116667,0.267094737,1.2219315740043621,0.18162356937637314,0.906482357980719,True
oculus_audio_pack/interaction_valve_01_turn.wav,oculus_audio_pack,high,checked,0.110396703,0.094773585,0.104197917,1.1648467555595792,0.14151797631130347,0.909553547025321,True
oculus_audio_pack/interaction_valve_01_turn.wav,oculus_audio_pack,medium,checked,0.114276404,0.097243689,0.104197917,1.1751549655834221,0.14904839847778206,0.9332594335834947,True
oculus_audio_pack/interaction_valve_01_turn.wav,oculus_audio_pack,low,checked,0.114401136,0.094163551,0.104197917,1.2149195180627799,0.17690021015175939,0.9036989770150587,True
oculus_audio_pack/interaction_whoosh_medium_02.wav,oculus_audio_pack,high,checked,0.029861194,0.025671026,0.027125203,1.1632255757911663,0.14032151560985806,0.9463901892273395,True
oculus_audio_pack/interaction_whoosh_medium_02.wav,oculus_audio_pack,medium,checked,0.030637003,0.025863824,0.027125203,1.184550397497292,0.1557978435423334,0.9534978964028398,True
oculus_audio_pack/interaction_whoosh_medium_02.wav,oculus_audio_pack,low,checked,0.030432523,0.02537038,0.027125203,1.1995296483537101,0.16633990550175537,0.9353065486735712,True
oculus_audio_pack/machine_power_tool_04.wav,oculus_audio_pack,high,checked,1.229388889,1.05828,1.160233333,1.1616858383414597,0.13918206885632578,0.9121268712937418,True
oculus_audio_pack/machine_power_tool_04.wav,oculus_audio_pack,medium,checked,1.3275,1.152355556,1.160233333,1.1519881976427073,0.13193555103578147,0.9932101786977361,True
oculus_audio_pack/machine_power_tool_04.wav,oculus_audio_pack,low,checked,1.2565375,1.09633,1.160233333,1.1461307270621073,0.12749917929230126,0.9449219987200626,True
oculus_audio_pack/sting_acoustic_guit_pos_01.wav,oculus_audio_pack,high,checked,0.83795,0.840325,1.03255,0.9971737125516913,-0.0028342979891402553,0.8138346811292431,True
oculus_audio_pack/sting_acoustic_guit_pos_01.wav,oculus_audio_pack,medium,checked,0.866958333,0.848383333,1.03255,1.0218945838248805,0.021425481817244352,0.8216389840685681,True
oculus_audio_pack/sting_acoustic_guit_pos_01.wav,oculus_audio_pack,low,checked,0.854425,0.826061538,1.03255,1.0343357736624217,0.03319596453755447,0.8000208590383032,True
oculus_audio_pack/sting_banjo_humorous_02.wav,oculus_audio_pack,high,checked,0.751557143,0.744978571,0.9004,1.008830551986441,0.008753255905120216,0.8273862405597512,True
oculus_audio_pack/sting_banjo_humorous_02.wav,oculus_audio_pack,medium,checked,0.771246154,0.737192857,0.9004,1.0461931998888045,0.04415360364960719,0.8187392903154155,True
oculus_audio_pack/sting_banjo_humorous_02.wav,oculus_audio_pack,low,checked,0.764785714,0.715414286,0.9004,1.0690109618526684,0.0645558972875897,0.7945516281652599,True
oculus_audio_pack/sting_loss_mallet.wav,oculus_audio_pack,high,checked,0.928254545,0.931918182,1.139577778,0.9960687138948857,-0.003946802113422354,0.817774968932397,True
oculus_audio_pack/sting_loss_mallet.wav,oculus_audio_pack,medium,checked,0.953727273,0.926390909,1.139577778,1.029508454513558,0.028662663608236882,0.8129246874450723,True
oculus_audio_pack/sting_loss_mallet.wav,oculus_audio_pack,low,checked,0.974272727,0.9107,1.139577778,1.069806442297134,0.0652514693660311,0.7991556325346315,True
oculus_audio_pack/sting_loss_piano.wav,oculus_audio_pack,high,checked,0.953972727,0.931545455,1.1447,1.0240753383311822,0.023509342945817857,0.8137900366908359,True
oculus_audio_pack/sting_loss_piano.wav,oculus_audio_pack,medium,checked,0.983218182,0.919381818,1.1447,1.0694340074495579,0.06492593929675727,0.8031639888180309,True
oculus_audio_pack/sting_loss_piano.wav,oculus_audio_pack,low,checked,0.980518182,0.932145455,1.1447,1.051893968629606,0.04933383988997764,0.8143141914912204,True
oculus_audio_pack/sting_victory_mallet.wav,oculus_audio_pack,high,checked,0.876933333,0.875333333,1.07239,1.0018278750958978,0.001824540064552349,0.8162453333209001,True
oculus_audio_pack/sting_victory_mallet.wav,oculus_audio_pack,medium,checked,0.919181818,0.865616667,1.07239,1.0618809145457455,0.05827481565785286,0.8071845755741848,True
oculus_audio_pack/sting_victory_mallet.wav,oculus_audio_pack,low,checked,0.920154545,0.850525,1.07239,1.0818665471326534,0.07567157645241007,0.7931116478146943,True
oculus_audio_pack/sting_victory_orch_03.wav,oculus_audio_pack,high,checked,1.3910625,1.391375,1.702133333,0.9997754020303657,-0.0002246484252144132,0.8174300878931204,True
oculus_audio_pack/sting_victory_orch_03.wav,oculus_audio_pack,medium,checked,1.455157143,1.442314286,1.702133333,1.0089043401460145,0.008825752642441675,0.8473568186682119,True
oculus_audio_pack/sting_victory_orch_03.wav,oculus_audio_pack,low,checked,1.441242857,1.3542125,1.702133333,1.0642663961527457,0.060385629373495675,0.7955971919151648,True
oculus_audio_pack/sting_xp_level_up_orch_01.wav,oculus_audio_pack,high,checked,0.483685714,0.4788,0.586577778,1.0102040810359232,0.010101009516274462,0.8162600390906728,True
oculus_audio_pack/sting_xp_level_up_orch_01.wav,oculus_audio_pack,medium,checked,0.497585714,0.478061905,0.586577778,1.0408394996459716,0.03923707705161328,0.8150017319612813,True
oculus_audio_pack/sting_xp_level_up_orch_01.wav,oculus_audio_pack,low,checked,0.497509524,0.466254545,0.586577778,1.0670341540584873,0.06282287572850553,0.7948725002671343,True
oculus_audio_pack/swoosh_03.wav,oculus_audio_pack,high,checked,0.092284404,0.079684921,0.087666087,1.158116276478457,0.13652884402872667,0.9089594816750519,True
oculus_audio_pack/swoosh_03.wav,oculus_audio_pack,medium,checked,0.095918095,0.079894444,0.087666087,1.2005602667439552,0.167055559224774,0.9113494936759295,True
oculus_audio_pack/swoosh_03.wav,oculus_audio_pack,low,checked,0.093557009,0.0803664,0.087666087,1.164130893010014,0.14099006735027186,0.9167330577900665,True
oculus_audio_pack/ui_casual_musical_open.wav,oculus_audio_pack,high,checked,0.129266667,0.112042222,0.124359259,1.1537317333817247,0.13324738232788202,0.900956011646869,True
oculus_audio_pack/ui_casual_musical_open.wav,oculus_audio_pack,medium,checked,0.135967568,0.107220213,0.124359259,1.268115070802928,0.21142802966072038,0.8621811826652971,True
oculus_audio_pack/ui_casual_musical_open.wav,oculus_audio_pack,low,checked,0.132936842,0.107359574,0.124359259,1.2382392836245792,0.1924016519062488,0.8633018149456809,True
oculus_audio_pack/ui_laser_shoot_02.wav,oculus_audio_pack,high,checked,0.093451852,0.080827419,0.089884821,1.1561899805312355,0.1350902387680878,0.8992332420620829,True
oculus_audio_pack/ui_laser_shoot_02.wav,oculus_audio_pack,medium,checked,0.0971,0.081208065,0.089884821,1.1956940483682257,0.16366565396498467,0.903468061643022,True
oculus_audio_pack/ui_laser_shoot_02.wav,oculus_audio_pack,low,checked,0.097469903,0.081538211,0.089884821,1.1953892758328974,0.16345242489879153,0.9071410511013867,True
oculus_audio_pack/ui_magical_open.wav,oculus_audio_pack,high,checked,0.198278431,0.171315254,0.190162264,1.157389236337355,0.1359864351559248,0.9008898526786576,True
oculus_audio_pack/ui_magical_open.wav,oculus_audio_pack,medium,checked,0.202786,0.171462712,0.190162264,1.1826827981118133,0.154464746087008,0.9016652851798188,True
oculus_audio_pack/ui_magical_open.wav,oculus_audio_pack,low,checked,0.203234,0.170701695,0.190162264,1.190579859209951,0.1600731422891839,0.8976633502848914,True
oculus_audio_pack/ui_metal_open.wav,oculus_audio_pack,high,checked,0.106307368,0.091025455,0.102909184,1.1678861478912683,0.14375215272002595,0.8845221724817097,True
oculus_audio_pack/ui_metal_open.wav,oculus_audio_pack,medium,checked,0.108237634,0.091497273,0.102909184,1.1829602178416836,0.154663035224883,0.8891069722212548,True
oculus_audio_pack/ui_metal_open.wav,oculus_audio_pack,low,checked,0.10675,0.091208182,0.102909184,1.1703993836868714,0.14559080093676813,0.8862977865998821,True
oculus_audio_pack/ui_notification_03.wav,oculus_audio_pack,high,checked,0.06182284,0.052782632,0.059689881,1.1712723988451352,0.1462276401407634,0.8842810726997429,True
oculus_audio_pack/ui_notification_03.wav,oculus_audio_pack,medium,checked,0.063237736,0.052581152,0.059689881,1.202669275865238,0.1685162163300723,0.8809056261981826,True
oculus_audio_pack/ui_notification_03.wav,oculus_audio_pack,low,checked,0.063593038,0.053865591,0.059689881,1.18058739947734,0.1529640241436493,0.9024241646586629,True
oculus_audio_pack/ui_powerup_01.wav,oculus_audio_pack,high,checked,0.198145098,0.170047458,0.186792593,1.1652341077630222,0.14180335664927723,0.9103543950482019,True
oculus_audio_pack/ui_powerup_01.wav,oculus_audio_pack,medium,checked,0.199698039,0.169081667,0.186792593,1.181074462673709,0.15331333323708807,0.905184002665459,True
oculus_audio_pack/ui_powerup_01.wav,oculus_audio_pack,low,checked,0.20025,0.167135,0.186792593,1.1981332455799205,0.16536828963795258,0.8947624598797662,True
oculus_audio_pack/ui_scifi_traditional_confirm.wav,oculus_audio_pack,high,checked,0.073819118,0.062633125,0.070356643,1.1785954796283915,0.1515324661559896,0.8902233297287934,True
oculus_audio_pack/ui_scifi_traditional_confirm.wav,oculus_audio_pack,medium,checked,0.075395489,0.06247205,0.070356643,1.2068675351617242,0.17140865019126006,0.8879339226005994,True
oculus_audio_pack/ui_scifi_traditional_confirm.wav,oculus_audio_pack,low,checked,0.074904478,0.063146541,0.070356643,1.186200808687209,0.15697241759030744,0.8975206648219416,True
oculus_audio_pack/ui_wood_error.wav,oculus_audio_pack,high,checked,0.04607844,0.039501181,0.044132159,1.1665079077002785,0.1427404877422065,0.8950656821480228,True
oculus_audio_pack/ui_wood_error.wav,oculus_audio_pack,medium,checked,0.04758436,0.039903984,0.044132159,1.192471408368648,0.16140547020071294,0.9041928812048377,True
oculus_audio_pack/ui_wood_error.wav,oculus_audio_pack,low,checked,0.04702723,0.040441935,0.044132159,1.1628333312933716,0.14003153066850849,0.9163824276079491,True
oculus_audio_pack/voice_animal_duck_01.wav,oculus_audio_pack,high,checked,0.278330556,0.240671429,0.269444737,1.1564752706894843,0.13530360281391463,0.8932125811015563,True
oculus_audio_pack/voice_animal_duck_01.wav,oculus_audio_pack,medium,checked,0.284858333,0.242269048,0.269444737,1.175793339477687,0.14951040593220077,0.8991418822925459,True
oculus_audio_pack/voice_animal_duck_01.wav,oculus_audio_pack,low,checked,0.291097143,0.241509524,0.269444737,1.2053236583746485,0.17034732285228915,0.8963230333944137,True
oculus_audio_pack/voice_animal_sheep_01.wav,oculus_audio_pack,high,checked,0.124123457,0.109445652,0.117326744,1.134110444149942,0.11825166132780207,0.9328278299447227,True
oculus_audio_pack/voice_animal_sheep_01.wav,oculus_audio_pack,medium,checked,0.12595375,0.106698936,0.117326744,1.1804592878039573,0.15287209789307588,0.9094170038503753,True
oculus_audio_pack/voice_animal_sheep_01.wav,oculus_audio_pack,low,checked,0.128233333,0.106311579,0.117326744,1.2062028821902833,0.17095207218859387,0.9061154803716364,True
oculus_audio_pack/voice_evil_laugh_02.wav,oculus_audio_pack,high,checked,0.330274194,0.288605714,0.310509091,1.144378569025837,0.12616329327867504,0.9294597883448121,True
oculus_audio_pack/voice_evil_laugh_02.wav,oculus_audio_pack,medium,checked,0.335183333,0.279955556,0.310509091,1.1972733736350638,0.1647688639697369,0.9016018020548068,True
oculus_audio_pack/voice_evil_laugh_02.wav,oculus_audio_pack,low,checked,0.329458065,0.273545946,0.310509091,1.204397542049481,0.1697093649839777,0.8809595400863802,True
oculus_audio_pack/voice_horse_neigh_01.wav,oculus_audio_pack,high,checked,0.196152941,0.174986207,0.190284906,1.120962299617135,0.10790933794869784,0.9196010901673936,True
oculus_audio_pack/voice_horse_neigh_01.wav,oculus_audio_pack,medium,checked,0.204504082,0.171467797,0.190284906,1.1926675771077877,0.1615434013683893,0.9011108689829554,True
oculus_audio_pack/voice_horse_neigh_01.wav,oculus_audio_pack,low,checked,0.19744902,0.161212698,0.190284906,1.2247733736209787,0.183522420116342,0.8472174771445087,True
oculus_audio_pack/voice_male_breathing_01.wav,oculus_audio_pack,high,checked,1.208166667,1.0444,1.151722222,1.1568045451934124,0.13554973123588088,0.9068158797755662,True
oculus_audio_pack/voice_male_breathing_01.wav,oculus_audio_pack,medium,checked,1.2381,1.03869,1.151722222,1.1919822083586056,0.16106130361037085,0.9018580870969769,True
oculus_audio_pack/voice_male_breathing_01.wav,oculus_audio_pack,low,checked,1.246088889,1.03513,1.151722222,1.2037994155323484,0.16929682213064,0.8987670639908866,True
oculus_audio_pack/voice_male_scream_01.wav,oculus_audio_pack,high,checked,0.128724359,0.11322809,0.118355294,1.1368588748604698,0.1203833456261375,0.9566795550353667,True
oculus_audio_pack/voice_male_scream_01.wav,oculus_audio_pack,medium,checked,0.13205,0.11682093,0.118355294,1.1303625129503763,0.11532805755395681,0.9870359495706208,True
oculus_audio_pack/voice_male_scream_01.wav,oculus_audio_pack,low,checked,0.135163514,0.110724176,0.118355294,1.2207226902280133,0.18081312979181652,0.9355236445950613,True
sqam/01_sine_wave_1khz_20db_10db_0db_mono.wav,sqam,high,checked,24.3041,23.6647,29.6899,1.027019146661483,0.026308318349578808,0.797062300647695,True
sqam/01_sine_wave_1khz_20db_10db_0db_mono.wav,sqam,medium,checked,25.1003,24.3814,29.6899,1.029485591475469,0.028641091939140217,0.8212018228421112,True
sqam/01_sine_wave_1khz_20db_10db_0db_mono.wav,sqam,low,checked,25.0908,24.4375,29.6899,1.0267335038363172,0.026037432046806086,0.8230913542989367,True
sqam/02_band_limited_pink_noise_stereo.wav,sqam,high,checked,10.7475,10.6157,13.2012,1.0124155731605076,0.012263317050476896,0.8041465927339939,True
sqam/02_band_limited_pink_noise_stereo.wav,sqam,medium,checked,10.559,10.4523,13.2012,1.0102082795174268,0.010105123591249154,0.7917689300972638,True
sqam/02_band_limited_pink_noise_stereo.wav,sqam,low,checked,11.0009,10.4925,13.2012,1.048453657374315,0.04621440063994764,0.794814107808381,True
sqam/03_electronic_gong_100hz_mono.wav,sqam,high,checked,5.96725,5.9254,7.372,1.0070628143247713,0.0070132808245004785,0.803771025501899,True
sqam/03_electronic_gong_100hz_mono.wav,sqam,medium,checked,6.05335,5.83115,7.372,1.038105690987198,0.03670694739276603,0.7909861638632665,True
sqam/03_electronic_gong_100hz_mono.wav,sqam,low,checked,6.1145,5.84085,7.372,1.046851057637159,0.04475427263063214,0.7923019533369506,True
sqam/04_electronic_gong_400hz_mono.wav,sqam,high,checked,5.9852,5.9269,7.3775,1.009836508123977,0.009740693711154158,0.8033751270755676,True
sqam/04_electronic_gong_400hz_mono.wav,sqam,medium,checked,6.074,5.87585,7.3775,1.0337227805338802,0.032622653934804124,0.7964554388342934,True
sqam/04_electronic_gong_400hz_mono.wav,sqam,low,checked,6.3068,5.9071,7.3775,1.067664336137868,0.0633760385615526,0.8006912910877668,True
sqam/05_electronic_gong_5khz_mono.wav,sqam,high,checked,6.2089,6.1016,7.7048,1.0175855513307983,0.017281644091545978,0.7919219188038626,True
sqam/05_electronic_gong_5khz_mono.wav,sqam,medium,checked,6.24675,6.1622,7.7048,1.0137207490831195,0.01353503821987423,0.7997871456754232,True
sqam/05_electronic_gong_5khz_mono.wav,sqam,low,checked,6.3104,6.1624,7.7048,1.0240166169025056,0.02345334685598377,0.7998131035198838,True
sqam/06_electronic_gong_500hz_vibrato_mono.wav,sqam,high,checked,5.11025,4.997666667,6.277,1.022527179282163,0.022030885573112835,0.796187138282619,True
sqam/06_electronic_gong_500hz_vibrato_mono.wav,sqam,medium,checked,5.02635,4.997266667,6.277,1.0058198481165823,0.005786173465835098,0.796123413573363,True
sqam/06_electronic_gong_500hz_vibrato_mono.wav,sqam,low,checked,5.0594,5.03395,6.277,1.0050556719872068,0.005030240740008685,0.8019675003982794,True
sqam/07_electronic_tune_frere_jacques_mono.wav,sqam,high,checked,7.8024,7.69805,9.64805,1.013555380908152,0.013374090023582363,0.7978866195759765,True
sqam/07_electronic_tune_frere_jacques_mono.wav,sqam,medium,checked,8.02005,7.6392,9.64805,1.049854696826893,0.04748723511698805,0.7917869414026669,True
sqam/07_electronic_tune_frere_jacques_mono.wav,sqam,low,checked,8.14395,7.6756,9.64805,1.0610180311636874,0.057508948360439294,0.7955597245039153,True
sqam/08_violin_arpegio_melodious_phrase_stereo.wav,sqam,high,checked,15.9951,15.7157,19.6898,1.017778399944005,0.017467849528918333,0.7981645318896078,True
sqam/08_violin_arpegio_melodious_phrase_stereo.wav,sqam,medium,checked,16.5088,15.5277,19.6898,1.0631838585237996,0.05942891064159728,0.7886164409999085,True
sqam/08_violin_arpegio_melodious_phrase_stereo.wav,sqam,low,checked,16.1771,15.5237,19.6898,1.042090481006461,0.04039042844514773,0.7884132901299149,True
sqam/09_viola_arpegio_melodious_phrase_stereo.wav,sqam,high,checked,12.5362,12.3474,15.4894,1.0152906684808136,0.015060385124678777,0.7971516004493395,True
sqam/09_viola_arpegio_melodious_phrase_stereo.wav,sqam,medium,checked,13.0906,12.1564,15.4894,1.0768484090684742,0.07136418498770114,0.7848205869820651,True
sqam/09_viola_arpegio_melodious_phrase_stereo.wav,sqam,low,checked,12.297,12.0805,15.4894,1.0179214436488555,0.017605920143124343,0.7799204617351221,True
sqam/10_violoncello_arpegio_melodious_phrase_stereo.wav,sqam,high,checked,16.6285,16.1931,20.8565,1.0268879955042578,0.026183961271311174,0.7764054371538849,True
sqam/10_violoncello_arpegio_melodious_phrase_stereo.wav,sqam,medium,checked,16.575,16.2168,20.8565,1.0220882048246263,0.021610859728506848,0.7775417735478147,True
sqam/10_violoncello_arpegio_melodious_phrase_stereo.wav,sqam,low,checked,16.9379,16.1706,20.8565,1.0474503110583404,0.04530077518464504,0.7753266367799008,True
sqam/11_double_bass_arpegio_melodious_phrase_stereo.wav,sqam,high,checked,14.6556,14.3258,18.0245,1.0230214019461392,0.02250334343186222,0.7947959721490193,True
sqam/11_double_bass_arpegio_melodious_phrase_stereo.wav,sqam,medium,checked,14.1935,14.0841,18.0245,1.0077676244843476,0.007707753549159868,0.7813864462259702,True
sqam/11_double_bass_arpegio_melodious_phrase_stereo.wav,sqam,low,checked,14.4722,14.1093,18.0245,1.0257206239855983,0.025075662304280044,0.782784543260562,True
sqam/12_piccolo_melodious_phrase_stereo.wav,sqam,high,checked,5.9512,5.71295,7.3292,1.0417034981927025,0.04003394273423844,0.779477978496971,True
sqam/12_piccolo_melodious_phrase_stereo.wav,sqam,medium,checked,5.77155,5.7781,7.3292,0.9988664093733235,-0.0011348771127339674,0.7883670796266987,True
sqam/12_piccolo_melodious_phrase_stereo.wav,sqam,low,checked,5.7662,5.78625,7.3292,0.9965348887448694,-0.003477160001387203,0.7894790700212847,True
sqam/13_flute_arpegio_melodious_phrase_stereo.wav,sqam,high,checked,9.9561,9.86145,12.2492,1.0095979800130812,0.009506734564739161,0.805068902458936,True
sqam/13_flute_arpegio_melodious_phrase_stereo.wav,sqam,medium,checked,9.94,9.78255,12.2492,1.0160949854588015,0.015840040241448583,0.7986276654801947,True
sqam/13_flute_arpegio_melodious_phrase_stereo.wav,sqam,low,checked,10.1947,9.7003,12.2492,1.0509674958506436,0.048495787026592185,0.7919129412533064,True
sqam/14_oboe_arpegio_melodious_phrase_stereo.wav,sqam,high,checked,10.5674,10.3372,13.1218,1.022269086406377,0.021783977137233346,0.7877882607569082,True
sqam/14_oboe_arpegio_melodious_phrase_stereo.wav,sqam,medium,checked,10.6554,10.232,13.1218,1.0413799843627836,0.03973572085515331,0.7797710679937203,True
sqam/14_oboe_arpegio_melodious_phrase_stereo.wav,sqam,low,checked,10.5987,10.1901,13.1218,1.040097741925987,0.038551897874267604,0.7765779085186483,True
sqam/15_cor_anglais_arpegio_stereo.wav,sqam,high,checked,5.2609,5.05145,6.4804,1.0414633422086728,0.03981257959664708,0.7794966360101228,True
sqam/15_cor_anglais_arpegio_stereo.wav,sqam,medium,checked,5.1682,5.1495,6.4804,1.0036314205262646,0.003618281026276038,0.7946268748842663,True
sqam/15_cor_anglais_arpegio_stereo.wav,sqam,low,checked,5.1247,5.1812,6.4804,0.9890951903034046,-0.01102503561184065,0.799518548237763,True
sqam/16_clarinet_arpegio_melodious_phrase_stereo.wav,sqam,high,checked,8.37285,8.3168,10.4724,1.006739370911889,0.006694255838812224,0.7941637065047172,True
sqam/16_clarinet_arpegio_melodious_phrase_stereo.wav,sqam,medium,checked,8.47945,8.2916,10.4724,1.0226554585363499,0.0221535594879384,0.7917573813070548,True
sqam/16_clarinet_arpegio_melodious_phrase_stereo.wav,sqam,low,checked,8.5142,8.24405,10.4724,1.0327690880089277,0.0317293462685867,0.787216874832894,True
sqam/17_bass_clarinet_arpegio_stereo.wav,sqam,high,checked,4.9296,4.889266667,6.11395,1.0082493624805184,0.008181867291463751,0.7996903257305016,True
sqam/17_bass_clarinet_arpegio_stereo.wav,sqam,medium,checked,5.09025,4.847266667,6.11395,1.0501279070644536,0.047735048966160765,0.7928207896695263,True
sqam/17_bass_clarinet_arpegio_stereo.wav,sqam,low,checked,5.0415,4.832233333,6.11395,1.0433064077371614,0.041508810274719976,0.7903619318116765,True
sqam/18_bassoon_arpegio_melodious_phrase_stereo.wav,sqam,high,checked,8.12535,8.02685,10.0158,1.0122713144010413,0.012122554720719658,0.8014187583617883,True
sqam/18_bassoon_arpegio_melodious_phrase_stereo.wav,sqam,medium,checked,8.3111,7.9531,10.0158,1.0450138939533011,0.043074923896956996,0.7940553924798818,True
sqam/18_bassoon_arpegio_melodious_phrase_stereo.wav,sqam,low,checked,8.3905,7.935,10.0158,1.057403906742281,0.05428758715213633,0.7922482477685256,True
sqam/19_contra_bassoon_arpegio_stereo.wav,sqam,high,checked,4.6321,4.612966667,5.80005,1.0041477284318734,0.00413059584205866,0.7953322242049639,True
sqam/19_contra_bassoon_arpegio_stereo.wav,sqam,medium,checked,4.731166667,4.557966667,5.80005,1.037999400314614,0.036608306616647934,0.7858495473314885,True
sqam/19_contra_bassoon_arpegio_stereo.wav,sqam,low,checked,4.6427,4.592733333,5.80005,1.0108795053788506,0.010762415620220955,0.791843748415962,True
sqam/20_saxophone_arpegio_melodious_phrase_stereo.wav,sqam,high,checked,8.3533,8.16415,10.3825,1.0231683641285378,0.022643745585577135,0.786337587286299,True
sqam/20_saxophone_arpegio_melodious_phrase_stereo.wav,sqam,medium,checked,8.4807,8.04325,10.3825,1.0543872190967583,0.051581826971830114,0.774692993017096,True
sqam/20_saxophone_arpegio_melodious_phrase_stereo.wav,sqam,low,checked,8.3949,8.17545,10.3825,1.0268425591251857,0.026140871243254815,0.7874259571394172,True
sqam/21_trumpet_arpegio_melodious_phrase_stereo.wav,sqam,high,checked,7.69335,7.5719,9.7624,1.0160395673476934,0.015786360948091493,0.7756187003195936,True
sqam/21_trumpet_arpegio_melodious_phrase_stereo.wav,sqam,medium,checked,7.7952,7.5733,9.7624,1.0293003050189482,0.028466235632183978,0.7757621076784398,True
sqam/21_trumpet_arpegio_melodious_phrase_stereo.wav,sqam,low,checked,7.891,7.54275,9.7624,1.0461701634019422,0.04413255607654287,0.7726327542407605,True
sqam/22_trombone_arpegio_melodious_phrase_stereo.wav,sqam,high,checked,8.56545,8.37215,10.6907,1.023088453981355,0.022567407433351505,0.783124584919603,True
sqam/22_trombone_arpegio_melodious_phrase_stereo.wav,sqam,medium,checked,8.7378,8.33345,10.6907,1.0485213207015103,0.046275950468081306,0.7795046161617106,True
sqam/22_trombone_arpegio_melodious_phrase_stereo.wav,sqam,low,checked,8.8469,8.42055,10.6907,1.0506320846025496,0.04819202206422579,0.7876518843480783,True
sqam/23_horn_arpegio_melodious_phrase_stereo.wav,sqam,high,checked,9.3393,9.18935,11.6877,1.0163178026737474,0.016055807180409665,0.7862410910615433,True
sqam/23_horn_arpegio_melodious_phrase_stereo.wav,sqam,medium,checked,9.49865,9.1477,11.6877,1.0383648348765262,0.03694735567685925,0.7826775156788761,True
sqam/23_horn_arpegio_melodious_phrase_stereo.wav,sqam,low,checked,9.72935,9.1828,11.6877,1.0595188831293287,0.05617538684495882,0.7856806728441011,True
sqam/24_tuba_arpegio_melodious_phrase_stereo.wav,sqam,high,checked,10.3527,10.1566,12.9208,1.0193076423212493,0.018941918533329605,0.786065878273791,True
sqam/24_tuba_arpegio_melodious_phrase_stereo.wav,sqam,medium,checked,10.3262,10.1929,12.9208,1.0130777305771665,0.012908911312970894,0.7888753018388954,True
sqam/24_tuba_arpegio_melodious_phrase_stereo.wav,sqam,low,checked,10.4162,10.2135,12.9208,1.019846281881823,0.019460071811217117,0.790469630363445,True
sqam/25_harp_arpegio_melodious_phrase_stereo.wav,sqam,high,checked,14.4628,14.2947,18.0513,1.011759603209581,0.011622922255718038,0.7918931046517426,True
sqam/25_harp_arpegio_melodious_phrase_stereo.wav,sqam,medium,checked,14.3606,14.0186,18.0513,1.0243961593882414,0.023815160926423773,0.7765978073601346,True
sqam/25_harp_arpegio_melodious_phrase_stereo.wav,sqam,low,checked,14.5151,14.0256,18.0513,1.0349004677161762,0.03372350173267835,0.7769855910654634,True
sqam/26_claves_single_tone_single_tone_rhythm_stereo.wav,sqam,high,checked,8.2852,8.17905,10.3166,1.0129782798735794,0.012812002124269695,0.792804800031018,True
sqam/26_claves_single_tone_single_tone_rhythm_stereo.wav,sqam,medium,checked,8.227,8.0209,10.3166,1.0256953708436711,0.025051659171022367,0.7774751371575906,True
sqam/26_claves_single_tone_single_tone_rhythm_stereo.wav,sqam,low,checked,8.3778,8.1023,10.3166,1.034002690594029,0.03288452815775034,0.7853653335401198,True
sqam/27_castanets_single_tone_rhythm_stereo.wav,sqam,high,checked,4.198466667,4.108866667,5.126,1.0218064997629674,0.021341124535835143,0.8015736767460008,True
sqam/27_castanets_single_tone_rhythm_stereo.wav,sqam,medium,checked,4.291,4.200166667,5.126,1.0216261258663049,0.02116833675134,0.8193848355442841,True
sqam/27_castanets_single_tone_rhythm_stereo.wav,sqam,low,checked,4.270566667,4.1609,5.126,1.0263564774447835,0.025679652268966624,0.8117245415528677,True
sqam/28_side_drum_stereo.wav,sqam,high,checked,16.3479,16.1264,20.3436,1.0137352415914276,0.01354914086824599,0.7927013901177766,True
sqam/28_side_drum_stereo.wav,sqam,medium,checked,16.2098,15.904,20.3436,1.0192278672032193,0.018865130970153965,0.7817692050571188,True
sqam/28_side_drum_stereo.wav,sqam,low,checked,15.9941,15.8706,20.3436,1.0077816843723615,0.007721597339018782,0.7801274110776854,True
sqam/29_bass_drum_single_tone_stereo.wav,sqam,high,checked,5.05875,5.03645,6.4008,1.0044277219072957,0.004408203607610517,0.7868469566304213,True
sqam/29_bass_drum_single_tone_stereo.wav,sqam,medium,checked,5.01995,4.968933333,6.4008,1.0102671264798795,0.010162783892269767,0.7762987959317584,True
sqam/29_bass_drum_single_tone_stereo.wav,sqam,low,checked,5.055,4.963266667,6.4008,1.0184824510054882,0.018147049060336262,0.7754134900324959,True
sqam/30_kettle_drums_single_tone_stereo.wav,sqam,high,checked,5.4998,5.4151,6.7976,1.0156414470646895,0.015400560020364384,0.7966193950806166,True
sqam/30_kettle_drums_single_tone_stereo.wav,sqam,medium,checked,5.53265,5.4098,6.7976,1.0227087877555547,0.022204549356999004,0.7958397081322819,True
sqam/30_kettle_drums_single_tone_stereo.wav,sqam,low,checked,5.45145,5.4022,6.7976,1.0091166561771132,0.009034293628300882,0.7947216664705189,True
sqam/31_cymbal.wav,sqam,high,checked,26.8609,26.4365,33.4831,1.0160535623096856,0.01579991735198749,0.789547562800338,True
sqam/31_cymbal.wav,sqam,medium,checked,26.905,26.4662,33.4831,1.0165796374243374,0.01630923620144953,0.7904345774435462,True
sqam/31_cymbal.wav,sqam,low,checked,26.8375,25.877,33.4831,1.037117903930131,0.03578947368421048,0.7728376404813174,True
sqam/32_triangles-triangle_roll_stereo.wav,sqam,high,checked,15.8614,15.6808,19.7954,1.0115172695270649,0.011386132371669633,0.7921436293280256,True
sqam/32_triangles-triangle_roll_stereo.wav,sqam,medium,checked,16.1817,15.5592,19.7954,1.0400084837266697,0.0384693820797567,0.786000788061873,True
sqam/32_triangles-triangle_roll_stereo.wav,sqam,low,checked,16.0768,15.581,19.7954,1.0318208073936204,0.030839470541401237,0.7871020540125483,True
sqam/33_gong_single_tone_forte_single_tone_piano_roll_stereo.wav,sqam,high,checked,59.2725,58.5789,71.0365,1.0118404408413268,0.01170188535998995,0.8246309995565659,True
sqam/33_gong_single_tone_forte_single_tone_piano_roll_stereo.wav,sqam,medium,checked,60.6313,56.9976,71.0365,1.063751807093632,0.05993109169686295,0.8023706122908645,True
sqam/33_gong_single_tone_forte_single_tone_piano_roll_stereo.wav,sqam,low,checked,58.0685,57.3018,71.0365,1.013380033436995,0.013203371879762726,0.8066529178661673,True
sqam/34_tubular_bells_melodious_phrase_stereo.wav,sqam,high,checked,5.75355,5.6736,7.1557,1.0140915820642977,0.013895768699324629,0.792878404628478,True
sqam/34_tubular_bells_melodious_phrase_stereo.wav,sqam,medium,checked,5.7453,5.71895,7.1557,1.0046074891369918,0.0045863575444275995,0.7992160096147127,True
sqam/34_tubular_bells_melodious_phrase_stereo.wav,sqam,low,checked,5.7741,5.62085,7.1557,1.0272645596306609,0.026540932786061844,0.7855066590270693,True
sqam/35_glockenspiel_arpegio_melodious_phrase_stereo.wav,sqam,high,checked,12.6958,12.7626,15.8625,0.9947659567799664,-0.005261582570613932,0.8045768321513003,True
sqam/35_glockenspiel_arpegio_melodious_phrase_stereo.wav,sqam,medium,checked,12.8643,12.5614,15.8625,1.024113554221663,0.023545781737055238,0.791892828999212,True
sqam/35_glockenspiel_arpegio_melodious_phrase_stereo.wav,sqam,low,checked,12.6895,12.5447,15.8625,1.011542723221759,0.011411009102013425,0.7908400315208826,True
sqam/36_xylophone_single_tone_melodious_phrase_stereo.wav,sqam,high,checked,10.9131,10.9157,13.4963,0.999761810969521,-0.00023824577800990454,0.8087920392996598,True
sqam/36_xylophone_single_tone_melodious_phrase_stereo.wav,sqam,medium,checked,11.4175,10.6835,13.4963,1.0687040763794637,0.0642872783008539,0.7915873239332262,True
sqam/36_xylophone_single_tone_melodious_phrase_stereo.wav,sqam,low,checked,11.5582,10.8322,13.4963,1.0670223961891396,0.06281254866674735,0.8026051584508347,True
sqam/37_vibraphone_arpegio_stereo.wav,sqam,high,checked,3.231525,3.22765,3.996233333,1.001200563877744,0.001199124252481365,0.8076730588644034,True
sqam/37_vibraphone_arpegio_stereo.wav,sqam,medium,checked,3.3163,3.184475,3.996233333,1.0413961485017154,0.03975062569731325,0.7968691351686895,True
sqam/37_vibraphone_arpegio_stereo.wav,sqam,low,checked,3.253725,3.18665,3.996233333,1.0210487502549699,0.020614833767451102,0.7974133976826022,True
sqam/38_marimba_single_tone_stereo.wav,sqam,high,checked,4.548133333,4.546633333,5.7505,1.0003299144422122,0.0003298056345701905,0.7906500883401444,True
sqam/38_marimba_single_tone_stereo.wav,sqam,medium,checked,4.721,4.4462,5.7505,1.0618055867932166,0.05820800677822491,0.7731849404399618,True
sqam/38_marimba_single_tone_stereo.wav,sqam,low,checked,4.501133333,4.5862,5.7505,0.9814516011076709,-0.018898944045121713,0.7975306495087384,True
sqam/39_grand_piano_arpegio_stereo.wav,sqam,high,checked,29.9935,29.5324,37.2025,1.015613360241633,0.015373330888359238,0.7938283717492104,True
sqam/39_grand_piano_arpegio_stereo.wav,sqam,medium,checked,30.2965,29.4546,37.2025,1.0285829717599289,0.02778868846236371,0.7917371144412337,True
sqam/39_grand_piano_arpegio_stereo.wav,sqam,low,checked,30.9241,29.7029,37.2025,1.0411138306360659,0.03949023577080657,0.7984113970835293,True
sqam/40_harpsichord_arpegio_melodious_phrase_stereo.wav,sqam,high,checked,11.5047,11.2341,14.283,1.024087376825914,0.023520821924952418,0.7865364419239655,True
sqam/40_harpsichord_arpegio_melodious_phrase_stereo.wav,sqam,medium,checked,11.3778,11.1632,14.283,1.01922387845779,0.01886129128654057,0.7815724987747672,True
sqam/40_harpsichord_arpegio_melodious_phrase_stereo.wav,sqam,low,checked,11.6268,11.1607,14.283,1.041762613456145,0.04008841641724281,0.7813974655184486,True
sqam/41_celesta_arpegio_single_tone_melodious_phrase_stereo.wav,sqam,high,checked,14.2862,13.9671,17.6304,1.0228465465271959,0.022336240567820576,0.7922168527089573,True
sqam/41_celesta_arpegio_single_tone_melodious_phrase_stereo.wav,sqam,medium,checked,14.0452,13.8576,17.6304,1.0135376977254358,0.013356876370575033,0.7860059896542335,True
sqam/41_celesta_arpegio_single_tone_melodious_phrase_stereo.wav,sqam,low,checked,14.2701,13.8555,17.6304,1.029923135217062,0.02905375575504021,0.785886877212088,True
sqam/42_accordion_melodious_phrase_stereo.wav,sqam,high,checked,4.705233333,4.6437,5.926,1.0132509277085082,0.013077636887513733,0.7836145798177523,True
sqam/42_accordion_melodious_phrase_stereo.wav,sqam,medium,checked,4.714566667,4.624166667,5.926,1.0195494683712705,0.019174614844830185,0.7803183710766115,True
sqam/42_accordion_melodious_phrase_stereo.wav,sqam,low,checked,4.719833333,4.599133333,5.926,1.0262440749725488,0.025572936899295406,0.7760940487681404,True
sqam/43_organ_arpegio_stereo.wav,sqam,high,checked,19.1417,18.7704,23.7042,1.019781144781145,0.0193974411886092,0.7918596704381501,True
sqam/43_organ_arpegio_stereo.wav,sqam,medium,checked,18.9201,18.7405,23.7042,1.0095835223179745,0.009492550250791543,0.7905982905982907,True
sqam/43_organ_arpegio_stereo.wav,sqam,low,checked,19.2398,18.7238,23.7042,1.0275585084224355,0.02681940560712681,0.7898937740991048,True
sqam/44_soprano_stereo.wav,sqam,high,checked,5.97065,6.0682,7.55475,0.9839243927359019,-0.016338254628893045,0.8032297561137033,True
sqam/44_soprano_stereo.wav,sqam,medium,checked,6.04075,5.84055,7.55475,1.0342775937197695,0.033141580101808454,0.7730963963069593,True
sqam/44_soprano_stereo.wav,sqam,low,checked,6.1717,5.8783,7.55475,1.0499123896364595,0.04753957580569379,0.7780932525894305,True
sqam/45_alto_stereo.wav,sqam,high,checked,6.41925,6.3731,7.98715,1.007241373899672,0.0071893133933091935,0.7979191576469705,True
sqam/45_alto_stereo.wav,sqam,medium,checked,6.5914,6.23225,7.98715,1.0576276625616752,0.054487665746275504,0.7802845821100142,True
sqam/45_alto_stereo.wav,sqam,low,checked,6.4361,6.2804,7.98715,1.024791414559582,0.02419166886779256,0.7863130152807948,True
sqam/46_tenor_stereo.wav,sqam,high,checked,6.2263,6.1578,7.82515,1.0111241027639741,0.011001718516615022,0.7869242123154189,True
sqam/46_tenor_stereo.wav,sqam,medium,checked,6.2932,6.1034,7.82515,1.0310974211095454,0.030159537278332205,0.7799722689021935,True
sqam/46_tenor_stereo.wav,sqam,low,checked,6.21695,6.15105,7.82515,1.0107136180001788,0.010600053080690675,0.7860616090426381,True
sqam/47_bass_stereo.wav,sqam,high,checked,6.47385,6.33895,7.99345,1.0212811270005284,0.020837677734269366,0.7930180335149403,True
sqam/47_bass_stereo.wav,sqam,medium,checked,6.4725,6.3641,7.99345,1.0170330447353122,0.016747779065276247,0.7961643595693974,True
sqam/47_bass_stereo.wav,sqam,low,checked,6.53915,6.4012,7.99345,1.0215506467537336,0.021096014007936814,0.8008056596338252,True
sqam/48_quartet_stereo.wav,sqam,high,checked,5.9772,5.9156,7.5921,1.010413144904997,0.010305828816168039,0.7791783564494672,True
sqam/48_quartet_stereo.wav,sqam,medium,checked,6.26855,5.85765,7.5921,1.0701475847822934,0.06554944923467165,0.7715454222151973,True
sqam/48_quartet_stereo.wav,sqam,low,checked,6.1137,5.86795,7.5921,1.0418800432859856,0.04019660761895405,0.7729020955993731,True
sqam/49_female_speech_english_mono.wav,sqam,high,checked,4.897866667,4.870833333,6.0844,1.0055500429088484,0.005519409946812215,0.8005445619946092,True
sqam/49_female_speech_english_mono.wav,sqam,medium,checked,4.889433333,4.846966667,6.0844,1.0087614933044886,0.008685396263281131,0.7966219622312801,True
sqam/49_female_speech_english_mono.wav,sqam,low,checked,4.945,4.787333333,6.0844,1.0329341318084482,0.03188405803842265,0.7868209409309054,True
sqam/50_male_speech_english_mono.wav,sqam,high,checked,4.690266667,4.6346,5.7606,1.012011104949726,0.011868550543546408,0.8045342499045238,True
sqam/50_male_speech_english_mono.wav,sqam,medium,checked,4.668833333,4.6031,5.7606,1.0142802313658186,0.014079177454330405,0.7990660695066487,True
sqam/50_male_speech_english_mono.wav,sqam,low,checked,4.661533333,4.6124,5.7606,1.010652444063828,0.01054016553998982,0.8006804846717356,True
sqam/51_female_speech_french_mono.wav,sqam,high,checked,4.5053,4.4619,5.5882,1.0097267980008517,0.009633098794752826,0.7984503060019327,True
sqam/51_female_speech_french_mono.wav,sqam,medium,checked,4.516766667,4.458,5.5882,1.0131822940780617,0.01301078212194473,0.7977524068573065,True
sqam/51_female_speech_french_mono.wav,sqam,low,checked,4.513366667,4.3838,5.5882,1.0295557888133582,0.028707321287973597,0.7844744282595469,True
sqam/52_male_speech_french_mono.wav,sqam,high,checked,5.16255,5.04585,6.39265,1.0231279170011,0.02260510794084336,0.7893205478166332,True
sqam/52_male_speech_french_mono.wav,sqam,medium,checked,5.2162,5.01765,6.39265,1.0395703167817605,0.038064107971320094,0.7849092316957756,True
sqam/52_male_speech_french_mono.wav,sqam,low,checked,5.16105,5.0273,6.39265,1.0266047381298113,0.0259152691797212,0.7864187778151471,True
sqam/53_female_speech_german_mono.wav,sqam,high,checked,4.559466667,4.529366667,5.6848,1.0066455207124878,0.006601649315226776,0.7967503987827188,True
sqam/53_female_speech_german_mono.wav,sqam,medium,checked,4.678033333,4.476533333,5.6848,1.0450125096834615,0.04307365631163196,0.7874566093793977,True
sqam/53_female_speech_german_mono.wav,sqam,low,checked,4.648233333,4.4716,5.6848,1.0395011479112624,0.03800010032757983,0.7865887981987052,True
sqam/54_male_speech_german_mono.wav,sqam,high,checked,4.673233333,4.580833333,5.7244,1.020171002366394,0.01977217772275952,0.8002294271888757,True
sqam/54_male_speech_german_mono.wav,sqam,medium,checked,4.6117,4.5012,5.7244,1.0245490091531146,0.023960795368302423,0.7863182167563413,True
sqam/54_male_speech_german_mono.wav,sqam,low,checked,4.5991,4.495533333,5.7244,1.0230376819230227,0.022518898697571288,0.7853283021801412,True
sqam/55_trumpet_haydn_stereo.wav,sqam,high,checked,6.97955,6.91145,8.63575,1.009853214593175,0.009757076029256795,0.8003300234490346,True
sqam/55_trumpet_haydn_stereo.wav,sqam,medium,checked,6.9369,6.84745,8.63575,1.013063257124915,0.01289480892041106,0.7929189705584344,True
sqam/55_trumpet_haydn_stereo.wav,sqam,low,checked,6.9655,6.83,8.63575,1.0198389458272328,0.01945301844806535,0.7908983006687318,True
sqam/56_organ_händel_stereo.wav,sqam,high,checked,7.2997,7.1635,9.1221,1.0190130522789138,0.018658301026069468,0.785290667719056,True
sqam/56_organ_händel_stereo.wav,sqam,medium,checked,7.51595,7.23035,9.1221,1.0395001625094222,0.03799918839268501,0.792619024128216,True
sqam/56_organ_händel_stereo.wav,sqam,low,checked,7.25835,7.1645,9.1221,1.0130993090934468,0.012929935866967002,0.7854002915995221,True
sqam/57_organ_bach_stereo.wav,sqam,high,checked,4.2528,4.183833333,5.3075,1.0164840856484472,0.016216767071106086,0.7882870151672162,True
sqam/57_organ_bach_stereo.wav,sqam,medium,checked,4.213766667,4.1598,5.3075,1.0129733802105871,0.01280722718289995,0.7837588318417333,True
sqam/57_organ_bach_stereo.wav,sqam,low,checked,4.289966667,4.228133333,5.3075,1.0146242630329085,0.01441347656046954,0.7966336943947244,True
sqam/58_guitar_sarasate_stereo.wav,sqam,high,checked,3.375966667,3.368166667,4.249733333,1.0023157998909085,0.0023104493525498704,0.7925595332877796,True
sqam/58_guitar_sarasate_stereo.wav,sqam,medium,checked,3.5094,3.327825,4.249733333,1.054562664803588,0.051739613609164015,0.7830667807221682,True
sqam/58_guitar_sarasate_stereo.wav,sqam,low,checked,3.4996,3.349575,4.249733333,1.0447892643096512,0.04286918504971993,0.7881847489088089,True
sqam/59_violin_ravel_stereo.wav,sqam,high,checked,6.16785,6.16085,7.6635,1.0011362068545735,0.0011349173536969737,0.8039211848372154,True
sqam/59_violin_ravel_stereo.wav,sqam,medium,checked,6.1809,6.1092,7.6635,1.0117363975643292,0.011600252390428611,0.7971814445096889,True
sqam/59_violin_ravel_stereo.wav,sqam,low,checked,6.12435,6.12635,7.6635,0.9996735413419082,-0.0003265652681510023,0.7994193253735239,True
sqam/60_piano_schubert_stereo.wav,sqam,high,checked,19.59,19.6425,24.6653,0.9973272241313479,-0.0026799387442570932,0.7963616903098685,True
sqam/60_piano_schubert_stereo.wav,sqam,medium,checked,19.5062,19.2474,24.6653,1.0134459719234805,0.013267576462868247,0.7803432352333035,True
sqam/60_piano_schubert_stereo.wav,sqam,low,checked,19.6473,19.4535,24.6653,1.0099622175958056,0.009863950771861973,0.7886991035989832,True
sqam/61_soprano_mozart_stereo.wav,sqam,high,checked,38.3221,37.8146,47.3029,1.0134207422529922,0.013243011212851097,0.7994139894171393,True
sqam/61_soprano_mozart_stereo.wav,sqam,medium,checked,38.3063,37.4981,47.3029,1.0215530920233291,0.02109835718928743,0.7927230677188924,True
sqam/61_soprano_mozart_stereo.wav,sqam,low,checked,38.7352,37.0924,47.3029,1.0442893962105446,0.04241103698961157,0.7841464265404446,True
sqam/62_soprano_spiritual_stereo.wav,sqam,high,checked,6.4569,6.367,8.1545,1.0141196795979268,0.013923090027722296,0.7807958795756943,True
sqam/62_soprano_spiritual_stereo.wav,sqam,medium,checked,6.42975,6.3437,8.1545,1.0135646389331148,0.013383101986857993,0.7779385615304433,True
sqam/62_soprano_spiritual_stereo.wav,sqam,low,checked,6.53415,6.34635,8.1545,1.029591812616701,0.028741305296021702,0.7782635354712122,True
sqam/63_soloists_verdi_stereo.wav,sqam,high,checked,11.9801,11.8504,15.0235,1.0109447782353338,0.010826286925818662,0.7887908942656505,True
sqam/63_soloists_verdi_stereo.wav,sqam,medium,checked,12.2969,11.7419,15.0235,1.0472666263551897,0.04513332628548672,0.7815688754284953,True
sqam/63_soloists_verdi_stereo.wav,sqam,low,checked,11.8737,11.7773,15.0235,1.008185237703039,0.008118783529986406,0.7839251838785902,True
sqam/64_choir_orff_stereo.wav,sqam,high,checked,6.5692,6.5194,8.27205,1.0076387397613278,0.007580831760336193,0.788123862887676,True
sqam/64_choir_orff_stereo.wav,sqam,medium,checked,6.56745,6.59335,8.27205,0.99607179961628,-0.003943691996132426,0.7970636057567351,True
sqam/64_choir_orff_stereo.wav,sqam,low,checked,6.63355,6.557,8.27205,1.0116745462864114,0.011539824076097882,0.7926692899583537,True
sqam/65_orchestra_strauss_stereo.wav,sqam,high,checked,25.9223,25.5416,31.0234,1.0149050960002506,0.014686196826670495,0.8233011210892424,True
sqam/65_orchestra_strauss_stereo.wav,sqam,medium,checked,26.087,25.001,31.0234,1.043438262469501,0.04162993061678222,0.8058755648961752,True
sqam/65_orchestra_strauss_stereo.wav,sqam,low,checked,25.6314,25.28,31.0234,1.0139003164556961,0.013709746638888132,0.8148687764719535,True
sqam/66_wind_ensemble_stravinsky_stereo.wav,sqam,high,checked,4.156366667,4.0346,5.16675,1.0301806045208943,0.02929642082994799,0.7808777277785842,True
sqam/66_wind_ensemble_stravinsky_stereo.wav,sqam,medium,checked,4.121166667,4.1071,5.16675,1.0034249633561394,0.003413273021117491,0.7949097595200076,True
sqam/66_wind_ensemble_stravinsky_stereo.wav,sqam,low,checked,4.0392,4.099566667,5.16675,0.9852748663691874,-0.014945203753218506,0.7934517185851842,True
sqam/67_wind_ensemble_mozart_stereo.wav,sqam,high,checked,18.6626,18.1271,22.3962,1.0295414048579201,0.028693751138641033,0.8093828417320795,True
sqam/67_wind_ensemble_mozart_stereo.wav,sqam,medium,checked,18.3097,18.2539,22.3962,1.003056880995294,0.0030475649519106085,0.8150445164804744,True
sqam/67_wind_ensemble_mozart_stereo.wav,sqam,low,checked,18.7034,18.0879,22.3962,1.0340282730444108,0.03290845514719232,0.8076325448067083,True
sqam/68_orchestra_baird_stereo.wav,sqam,high,checked,35.2133,34.34,43.3492,1.0254309842748979,0.02480028852734606,0.7921714818266543,True
sqam/68_orchestra_baird_stereo.wav,sqam,medium,checked,35.7537,34.3538,43.3492,1.0407494949612561,0.039153989657014554,0.7924898268018786,True
sqam/68_orchestra_baird_stereo.wav,sqam,low,checked,34.5881,34.3759,43.3492,1.0061729292905786,0.006135058011281225,0.7929996401317672,True
sqam/69_abba_stereo.wav,sqam,high,checked,7.56215,7.3858,9.17725,1.0238768989141325,0.023320087541241596,0.8047944645727205,True
sqam/69_abba_stereo.wav,sqam,medium,checked,7.5359,7.41605,9.17725,1.0161608942766027,0.01590387345904265,0.8080906589664659,True
sqam/69_abba_stereo.wav,sqam,low,checked,7.43395,7.55535,9.17725,0.983931915794768,-0.016330483793945305,0.8232694979432835,True
sqam/70_eddie_rabbitt_stereo.wav,sqam,high,checked,4.720066667,4.586566667,5.75135,1.0291067392436533,0.028283498818640895,0.797476534552757,True
sqam/70_eddie_rabbitt_stereo.wav,sqam,medium,checked,4.648633333,4.6303,5.75135,1.0039594266030278,0.00394381137136679,0.8050805463065193,True
sqam/70_eddie_rabbitt_stereo.wav,sqam,low,checked,4.847933333,4.615633333,5.75135,1.0503289544988648,0.04791732559908124,0.8025304203360949,True
