category,revision,quality,mode,assets,duration_seconds,sum_median_ms,realtime_factor,candidate_over_qoa_time,speedup
all,baseline,high,checked,151,4941.452902494331,1061.466680937,4655.306653744711,,
all,baseline,low,checked,151,4941.452902494331,1068.089363963,4626.441446958842,,
all,baseline,medium,checked,151,4941.452902494331,1074.758696627,4597.732419381655,,
all,candidate,high,checked,151,4941.452902494331,1042.996417878,4737.7467628775075,0.7981598873225461,1.0177088461114547
all,candidate,low,checked,151,4941.452902494331,1039.76150586,4752.48686804114,0.7956843495665886,1.0272445728595903
all,candidate,medium,checked,151,4941.452902494331,1043.061301304,4737.452052258764,0.7982095397921973,1.0303888134699017
all,reference,default,qoa,151,4941.452902494331,1306.751234238,3781.4794224210686,,
bandcamp,baseline,high,checked,10,919.5415873015872,197.9057,4646.362319536967,,
bandcamp,baseline,low,checked,10,919.5415873015872,200.02870000000001,4597.0482600826135,,
bandcamp,baseline,medium,checked,10,919.5415873015872,202.8427,4533.274243054284,,
bandcamp,candidate,high,checked,10,919.5415873015872,195.08995,4713.423665860734,0.7931594905954328,1.0144330858662889
bandcamp,candidate,low,checked,10,919.5415873015872,197.32565,4660.020566518277,0.8022489730271225,1.0136984218726761
bandcamp,candidate,medium,checked,10,919.5415873015872,200.65235,4582.760118690796,0.8157740350683186,1.010916144266439
bandcamp,reference,default,qoa,10,919.5415873015872,245.9656,3738.496713774557,,
oculus_audio_pack,baseline,high,checked,71,504.91131519274376,96.112339269,5253.345398030463,,
oculus_audio_pack,baseline,low,checked,71,504.91131519274376,96.582522297,5227.771062347034,,
oculus_audio_pack,baseline,medium,checked,71,504.91131519274376,98.53807996,5124.022260203412,,
oculus_audio_pack,candidate,high,checked,71,504.91131519274376,92.026317877,5486.596952271797,0.8171312640814468,1.0444005745993366
oculus_audio_pack,candidate,low,checked,71,504.91131519274376,91.611314195,5511.451501700005,0.813446312959917,1.054264128243139
oculus_audio_pack,candidate,medium,checked,71,504.91131519274376,92.059284636,5484.632182285033,0.8174239865338472,1.0703763379176472
oculus_audio_pack,reference,default,qoa,71,504.91131519274376,112.62121757199999,4483.269903115266,,
sqam,baseline,high,checked,70,3517.0,767.4486416679999,4582.717082352284,,
sqam,baseline,low,checked,70,3517.0,771.4781416659999,4558.781137214168,,
sqam,baseline,medium,checked,70,3517.0,773.377916667,4547.582655523825,,
sqam,candidate,high,checked,70,3517.0,755.880150001,4652.854027183208,0.7972036671222877,1.0153046639298369
sqam,candidate,low,checked,70,3517.0,750.824541665,4684.183593947042,0.7918716716928696,1.0275078914644948
sqam,candidate,medium,checked,70,3517.0,750.3496666679999,4687.148080730918,0.7913708355629189,1.0306900249603086
sqam,reference,default,qoa,70,3517.0,948.164416666,3709.272293055158,,
