input,input_sha256,source_rate,device_rate,source_frames,channels,input_block_frames,trial,init_ms,put_ms,get_ms,flush_ms,conversion_total_ms,output_frames,first_output_input_frames,checksum
build\benchmark-results\prepared\0e702b233311a26ec61b.wav,e0472289083c93ee009e0b3873e53e094c1386f56f44574075863d36fb60c546,44100,48000,6821,1,128,0,0.0008,0.003,0.0406,0.0,0.0436,7425,128,bc5faeb9f41dbcfb
build\benchmark-results\prepared\0e702b233311a26ec61b.wav,e0472289083c93ee009e0b3873e53e094c1386f56f44574075863d36fb60c546,44100,48000,6821,1,128,1,0.0004,0.0027,0.0379,0.0001,0.0407,7425,128,bc5faeb9f41dbcfb
build\benchmark-results\prepared\0e702b233311a26ec61b.wav,e0472289083c93ee009e0b3873e53e094c1386f56f44574075863d36fb60c546,44100,48000,6821,1,128,2,0.0007,0.007,0.0383,0.0,0.0453,7425,128,bc5faeb9f41dbcfb
build\benchmark-results\prepared\0e702b233311a26ec61b.wav,e0472289083c93ee009e0b3873e53e094c1386f56f44574075863d36fb60c546,44100,48000,6821,1,128,3,0.0003,0.0034,0.0408,0.0,0.0442,7425,128,bc5faeb9f41dbcfb
build\benchmark-results\prepared\0e702b233311a26ec61b.wav,e0472289083c93ee009e0b3873e53e094c1386f56f44574075863d36fb60c546,44100,48000,6821,1,128,4,0.0003,0.003,0.0407,0.0001,0.0438,7425,128,bc5faeb9f41dbcfb
build\benchmark-results\prepared\0e702b233311a26ec61b.wav,e0472289083c93ee009e0b3873e53e094c1386f56f44574075863d36fb60c546,44100,48000,6821,1,128,5,0.0003,0.0032,0.0406,0.0001,0.0439,7425,128,bc5faeb9f41dbcfb
build\benchmark-results\prepared\0e702b233311a26ec61b.wav,e0472289083c93ee009e0b3873e53e094c1386f56f44574075863d36fb60c546,44100,48000,6821,1,128,6,0.0002,0.0032,0.0408,0.0,0.044,7425,128,bc5faeb9f41dbcfb
build\benchmark-results\prepared\0e702b233311a26ec61b.wav,e0472289083c93ee009e0b3873e53e094c1386f56f44574075863d36fb60c546,44100,48000,6821,1,256,0,0.0007,0.0021,0.0381,0.0,0.0402,7425,256,bc5faeb9f41dbcfb
build\benchmark-results\prepared\0e702b233311a26ec61b.wav,e0472289083c93ee009e0b3873e53e094c1386f56f44574075863d36fb60c546,44100,48000,6821,1,256,1,0.0004,0.002,0.0375,0.0,0.0395,7425,256,bc5faeb9f41dbcfb
build\benchmark-results\prepared\0e702b233311a26ec61b.wav,e0472289083c93ee009e0b3873e53e094c1386f56f44574075863d36fb60c546,44100,48000,6821,1,256,2,0.0006,0.0018,0.0347,0.0,0.0365,7425,256,bc5faeb9f41dbcfb
build\benchmark-results\prepared\0e702b233311a26ec61b.wav,e0472289083c93ee009e0b3873e53e094c1386f56f44574075863d36fb60c546,44100,48000,6821,1,256,3,0.0002,0.0016,0.0343,0.0001,0.036,7425,256,bc5faeb9f41dbcfb
build\benchmark-results\prepared\0e702b233311a26ec61b.wav,e0472289083c93ee009e0b3873e53e094c1386f56f44574075863d36fb60c546,44100,48000,6821,1,256,4,0.0002,0.0012,0.0345,0.0001,0.0358,7425,256,bc5faeb9f41dbcfb
build\benchmark-results\prepared\0e702b233311a26ec61b.wav,e0472289083c93ee009e0b3873e53e094c1386f56f44574075863d36fb60c546,44100,48000,6821,1,256,5,0.0002,0.0017,0.0373,0.0001,0.0391,7425,256,bc5faeb9f41dbcfb
build\benchmark-results\prepared\0e702b233311a26ec61b.wav,e0472289083c93ee009e0b3873e53e094c1386f56f44574075863d36fb60c546,44100,48000,6821,1,256,6,0.0003,0.0013,0.0371,0.0001,0.0385,7425,256,bc5faeb9f41dbcfb
build\benchmark-results\prepared\0e702b233311a26ec61b.wav,e0472289083c93ee009e0b3873e53e094c1386f56f44574075863d36fb60c546,44100,48000,6821,1,512,0,0.0007,0.0015,0.0376,0.0001,0.0392,7425,512,bc5faeb9f41dbcfb
build\benchmark-results\prepared\0e702b233311a26ec61b.wav,e0472289083c93ee009e0b3873e53e094c1386f56f44574075863d36fb60c546,44100,48000,6821,1,512,1,0.0005,0.001,0.0335,0.0,0.0345,7425,512,bc5faeb9f41dbcfb
build\benchmark-results\prepared\0e702b233311a26ec61b.wav,e0472289083c93ee009e0b3873e53e094c1386f56f44574075863d36fb60c546,44100,48000,6821,1,512,2,0.0008,0.0009,0.0334,0.0,0.0343,7425,512,bc5faeb9f41dbcfb
build\benchmark-results\prepared\0e702b233311a26ec61b.wav,e0472289083c93ee009e0b3873e53e094c1386f56f44574075863d36fb60c546,44100,48000,6821,1,512,3,0.0002,0.0008,0.0333,0.0001,0.0342,7425,512,bc5faeb9f41dbcfb
build\benchmark-results\prepared\0e702b233311a26ec61b.wav,e0472289083c93ee009e0b3873e53e094c1386f56f44574075863d36fb60c546,44100,48000,6821,1,512,4,0.0001,0.0008,0.0332,0.0,0.034,7425,512,bc5faeb9f41dbcfb
build\benchmark-results\prepared\0e702b233311a26ec61b.wav,e0472289083c93ee009e0b3873e53e094c1386f56f44574075863d36fb60c546,44100,48000,6821,1,512,5,0.0002,0.0011,0.0332,0.0001,0.0344,7425,512,bc5faeb9f41dbcfb
build\benchmark-results\prepared\0e702b233311a26ec61b.wav,e0472289083c93ee009e0b3873e53e094c1386f56f44574075863d36fb60c546,44100,48000,6821,1,512,6,0.0001,0.0011,0.0334,0.0,0.0345,7425,512,bc5faeb9f41dbcfb
build\benchmark-results\prepared\f7191dad3efcb7c62c00.wav,3d359d3c4d65d719598413d832044050b2fb6bab65c1f4daeb12fc09b01e7124,44100,48000,1984500,2,128,0,0.0027,0.9476,14.8135,0.0005,15.7616,2160000,128,ab0cd1e5947cf20d
build\benchmark-results\prepared\f7191dad3efcb7c62c00.wav,3d359d3c4d65d719598413d832044050b2fb6bab65c1f4daeb12fc09b01e7124,44100,48000,1984500,2,128,1,0.0025,0.9419,14.6049,0.0004,15.5472,2160000,128,ab0cd1e5947cf20d
build\benchmark-results\prepared\f7191dad3efcb7c62c00.wav,3d359d3c4d65d719598413d832044050b2fb6bab65c1f4daeb12fc09b01e7124,44100,48000,1984500,2,128,2,0.0026,0.9337,14.4633,0.0004,15.3974,2160000,128,ab0cd1e5947cf20d
build\benchmark-results\prepared\f7191dad3efcb7c62c00.wav,3d359d3c4d65d719598413d832044050b2fb6bab65c1f4daeb12fc09b01e7124,44100,48000,1984500,2,128,3,0.0031,0.9892,14.8855,0.0003,15.875,2160000,128,ab0cd1e5947cf20d
build\benchmark-results\prepared\f7191dad3efcb7c62c00.wav,3d359d3c4d65d719598413d832044050b2fb6bab65c1f4daeb12fc09b01e7124,44100,48000,1984500,2,128,4,0.0032,0.9387,14.4965,0.0005,15.4357,2160000,128,ab0cd1e5947cf20d
build\benchmark-results\prepared\f7191dad3efcb7c62c00.wav,3d359d3c4d65d719598413d832044050b2fb6bab65c1f4daeb12fc09b01e7124,44100,48000,1984500,2,128,5,0.0028,0.9804,14.4524,0.0004,15.4332,2160000,128,ab0cd1e5947cf20d
build\benchmark-results\prepared\f7191dad3efcb7c62c00.wav,3d359d3c4d65d719598413d832044050b2fb6bab65c1f4daeb12fc09b01e7124,44100,48000,1984500,2,128,6,0.0025,0.9886,15.1586,0.0005,16.1477,2160000,128,ab0cd1e5947cf20d
build\benchmark-results\prepared\f7191dad3efcb7c62c00.wav,3d359d3c4d65d719598413d832044050b2fb6bab65c1f4daeb12fc09b01e7124,44100,48000,1984500,2,256,0,0.0021,0.8199,12.8971,0.0004,13.7174,2160000,256,ab0cd1e5947cf20d
build\benchmark-results\prepared\f7191dad3efcb7c62c00.wav,3d359d3c4d65d719598413d832044050b2fb6bab65c1f4daeb12fc09b01e7124,44100,48000,1984500,2,256,1,0.003,0.838,12.9086,0.0005,13.7471,2160000,256,ab0cd1e5947cf20d
build\benchmark-results\prepared\f7191dad3efcb7c62c00.wav,3d359d3c4d65d719598413d832044050b2fb6bab65c1f4daeb12fc09b01e7124,44100,48000,1984500,2,256,2,0.0026,0.84,12.9873,0.0004,13.8277,2160000,256,ab0cd1e5947cf20d
build\benchmark-results\prepared\f7191dad3efcb7c62c00.wav,3d359d3c4d65d719598413d832044050b2fb6bab65c1f4daeb12fc09b01e7124,44100,48000,1984500,2,256,3,0.002,0.8302,12.8541,0.0004,13.6847,2160000,256,ab0cd1e5947cf20d
build\benchmark-results\prepared\f7191dad3efcb7c62c00.wav,3d359d3c4d65d719598413d832044050b2fb6bab65c1f4daeb12fc09b01e7124,44100,48000,1984500,2,256,4,0.0021,0.795,12.6923,0.0003,13.4876,2160000,256,ab0cd1e5947cf20d
build\benchmark-results\prepared\f7191dad3efcb7c62c00.wav,3d359d3c4d65d719598413d832044050b2fb6bab65c1f4daeb12fc09b01e7124,44100,48000,1984500,2,256,5,0.0022,0.7997,13.0171,0.0004,13.8172,2160000,256,ab0cd1e5947cf20d
build\benchmark-results\prepared\f7191dad3efcb7c62c00.wav,3d359d3c4d65d719598413d832044050b2fb6bab65c1f4daeb12fc09b01e7124,44100,48000,1984500,2,256,6,0.0019,0.821,13.4502,0.0003,14.2715,2160000,256,ab0cd1e5947cf20d
build\benchmark-results\prepared\f7191dad3efcb7c62c00.wav,3d359d3c4d65d719598413d832044050b2fb6bab65c1f4daeb12fc09b01e7124,44100,48000,1984500,2,512,0,0.0017,0.7834,12.0615,0.0007,12.8456,2160000,512,ab0cd1e5947cf20d
build\benchmark-results\prepared\f7191dad3efcb7c62c00.wav,3d359d3c4d65d719598413d832044050b2fb6bab65c1f4daeb12fc09b01e7124,44100,48000,1984500,2,512,1,0.0024,0.7641,11.8387,0.0,12.6028,2160000,512,ab0cd1e5947cf20d
build\benchmark-results\prepared\f7191dad3efcb7c62c00.wav,3d359d3c4d65d719598413d832044050b2fb6bab65c1f4daeb12fc09b01e7124,44100,48000,1984500,2,512,2,0.0017,0.7785,12.2144,0.0002,12.9931,2160000,512,ab0cd1e5947cf20d
build\benchmark-results\prepared\f7191dad3efcb7c62c00.wav,3d359d3c4d65d719598413d832044050b2fb6bab65c1f4daeb12fc09b01e7124,44100,48000,1984500,2,512,3,0.0021,0.7482,11.8321,0.0001,12.5804,2160000,512,ab0cd1e5947cf20d
build\benchmark-results\prepared\f7191dad3efcb7c62c00.wav,3d359d3c4d65d719598413d832044050b2fb6bab65c1f4daeb12fc09b01e7124,44100,48000,1984500,2,512,4,0.0018,0.7668,13.2111,0.0003,13.9782,2160000,512,ab0cd1e5947cf20d
build\benchmark-results\prepared\f7191dad3efcb7c62c00.wav,3d359d3c4d65d719598413d832044050b2fb6bab65c1f4daeb12fc09b01e7124,44100,48000,1984500,2,512,5,0.0025,0.8039,12.6406,0.0004,13.4449,2160000,512,ab0cd1e5947cf20d
build\benchmark-results\prepared\f7191dad3efcb7c62c00.wav,3d359d3c4d65d719598413d832044050b2fb6bab65c1f4daeb12fc09b01e7124,44100,48000,1984500,2,512,6,0.0029,0.7747,12.4287,0.0004,13.2038,2160000,512,ab0cd1e5947cf20d
