asset,category,quality,encode_speedup,decode_speedup,encoded_size_ratio,encoded_identical,decoded_identical
bandcamp/allegaeon-beasts-and-worms.wav,bandcamp,high,1.0171745119875888,1.155458477559365,1.0,True,True
bandcamp/allegaeon-beasts-and-worms.wav,bandcamp,medium,1.102827666062547,1.198110778201756,1.0,True,True
bandcamp/allegaeon-beasts-and-worms.wav,bandcamp,low,1.163078625436653,1.1473333954660845,1.0,True,True
bandcamp/darkside_narrow_road.wav,bandcamp,high,1.0260096813417543,1.1801174515049326,1.0,True,True
bandcamp/darkside_narrow_road.wav,bandcamp,medium,1.375716278414971,1.1814643104041047,1.0,True,True
bandcamp/darkside_narrow_road.wav,bandcamp,low,1.4374563897493833,1.1653907165143995,1.0,True,True
bandcamp/forest_swords_annekas_battle.wav,bandcamp,high,1.0273353032486645,1.1921159364355993,1.0,True,True
bandcamp/forest_swords_annekas_battle.wav,bandcamp,medium,1.4387395001747207,1.1585054091324118,1.0,True,True
bandcamp/forest_swords_annekas_battle.wav,bandcamp,low,1.5242242627978735,1.1831537532849588,1.0,True,True
bandcamp/four_tet_baby.wav,bandcamp,high,1.0265001062571772,1.1866208414005437,1.0,True,True
bandcamp/four_tet_baby.wav,bandcamp,medium,1.2994010996019167,1.1877482810284532,1.0,True,True
bandcamp/four_tet_baby.wav,bandcamp,low,1.4344519660837478,1.1830355756894522,1.0,True,True
bandcamp/inverse_phase_atarible_lie.wav,bandcamp,high,1.0163584179180394,1.1548631586815414,1.0,True,True
bandcamp/inverse_phase_atarible_lie.wav,bandcamp,medium,1.0037193111093943,1.1509818684745412,1.0,True,True
bandcamp/inverse_phase_atarible_lie.wav,bandcamp,low,1.1881376795187686,1.1806951786000321,1.0,True,True
bandcamp/julien_baker_sprained_ankle.wav,bandcamp,high,1.0374195737432066,1.2037579355858141,1.0,True,True
bandcamp/julien_baker_sprained_ankle.wav,bandcamp,medium,1.3975993493944117,1.2008103663029055,1.0,True,True
bandcamp/julien_baker_sprained_ankle.wav,bandcamp,low,1.525257884403562,1.1628473140988738,1.0,True,True
bandcamp/lorn_drawn_out_like_an_ache.wav,bandcamp,high,1.0119017566480006,1.167892040000172,1.0,True,True
bandcamp/lorn_drawn_out_like_an_ache.wav,bandcamp,medium,1.320720812026196,1.1747798679933297,1.0,True,True
bandcamp/lorn_drawn_out_like_an_ache.wav,bandcamp,low,1.420522442246827,1.1733092964700613,1.0,True,True
bandcamp/nils_frahm_all_melody.wav,bandcamp,high,1.019174914523397,1.1678112604037911,1.0,True,True
bandcamp/nils_frahm_all_melody.wav,bandcamp,medium,1.348532789620777,1.1685652055760338,1.0,True,True
bandcamp/nils_frahm_all_melody.wav,bandcamp,low,1.4866502412446698,1.1547894790504916,1.0,True,True
bandcamp/planes_mistaken_for_stars_one_fucked_pony.wav,bandcamp,high,1.0388679337758178,1.1543308436084698,1.0,True,True
bandcamp/planes_mistaken_for_stars_one_fucked_pony.wav,bandcamp,medium,1.0895099493979759,1.1723175615119903,1.0,True,True
bandcamp/planes_mistaken_for_stars_one_fucked_pony.wav,bandcamp,low,1.172129927590074,1.1546579633105336,1.0,True,True
bandcamp/whalerider_devil_got_me.wav,bandcamp,high,1.0163681180794168,1.1542762040615353,1.0,True,True
bandcamp/whalerider_devil_got_me.wav,bandcamp,medium,1.036584013682145,1.146843407045481,1.0,True,True
bandcamp/whalerider_devil_got_me.wav,bandcamp,low,1.2219216732388505,1.1757020951274784,1.0,True,True
oculus_audio_pack/Indoor_drawer_close_02.wav,oculus_audio_pack,high,1.0101338515458858,1.1437325355976233,1.0,True,True
oculus_audio_pack/Indoor_drawer_close_02.wav,oculus_audio_pack,medium,1.0937004530519798,1.1468198148148148,1.0,True,True
oculus_audio_pack/Indoor_drawer_close_02.wav,oculus_audio_pack,low,1.4885767683112279,1.1628779491464725,1.0,True,True
oculus_audio_pack/Indoor_fan_off.wav,oculus_audio_pack,high,1.0192800774183943,1.206172537527152,1.0,True,True
oculus_audio_pack/Indoor_fan_off.wav,oculus_audio_pack,medium,1.479314793126351,1.1935571539445127,1.0,True,True
oculus_audio_pack/Indoor_fan_off.wav,oculus_audio_pack,low,1.5298645462507618,1.1738321782372059,1.0,True,True
oculus_audio_pack/Indoor_switch_small_on_01.wav,oculus_audio_pack,high,1.0262481174758566,1.1877519915723245,1.0,True,True
oculus_audio_pack/Indoor_switch_small_on_01.wav,oculus_audio_pack,medium,1.2671406945272718,1.2149011959960996,1.0,True,True
oculus_audio_pack/Indoor_switch_small_on_01.wav,oculus_audio_pack,low,1.2614185353967011,1.2335302219599282,1.0,True,True
oculus_audio_pack/action_drop_coin_01.wav,oculus_audio_pack,high,1.019877619135917,1.1515303651197266,1.0,True,True
oculus_audio_pack/action_drop_coin_01.wav,oculus_audio_pack,medium,1.1822137641715948,1.1415254466966915,1.0,True,True
oculus_audio_pack/action_drop_coin_01.wav,oculus_audio_pack,low,1.29386148168261,1.1250150610915919,1.0,True,True
oculus_audio_pack/action_drop_paper_ball.wav,oculus_audio_pack,high,1.0271204173572261,1.1611181736027838,1.0,True,True
oculus_audio_pack/action_drop_paper_ball.wav,oculus_audio_pack,medium,1.407413967773513,1.1776873916339208,1.0,True,True
oculus_audio_pack/action_drop_paper_ball.wav,oculus_audio_pack,low,1.411565544753031,1.1735834624050008,1.0,True,True
oculus_audio_pack/action_shell_casing_on_grass_01.wav,oculus_audio_pack,high,1.0230194677819238,1.1287338847560173,1.0,True,True
oculus_audio_pack/action_shell_casing_on_grass_01.wav,oculus_audio_pack,medium,1.2402913730281142,1.1821872195620815,1.0,True,True
oculus_audio_pack/action_shell_casing_on_grass_01.wav,oculus_audio_pack,low,1.3686194446004507,1.1715247869511916,1.0,True,True
oculus_audio_pack/action_sword_scrape_02.wav,oculus_audio_pack,high,1.024018916829612,1.1657405367064082,1.0,True,True
oculus_audio_pack/action_sword_scrape_02.wav,oculus_audio_pack,medium,1.3417164892222606,1.1727599476870119,1.0,True,True
oculus_audio_pack/action_sword_scrape_02.wav,oculus_audio_pack,low,1.350605778191985,1.1881880031969247,1.0,True,True
oculus_audio_pack/action_typing.wav,oculus_audio_pack,high,1.049826799465912,1.1589672298711637,1.0,True,True
oculus_audio_pack/action_typing.wav,oculus_audio_pack,medium,1.400102705328657,1.1651557054169,1.0,True,True
oculus_audio_pack/action_typing.wav,oculus_audio_pack,low,1.501588572667835,1.1621518250872456,1.0,True,True
oculus_audio_pack/ambience_forest_birds_02.wav,oculus_audio_pack,high,1.0298529489346857,1.156002859101473,1.0,True,True
oculus_audio_pack/ambience_forest_birds_02.wav,oculus_audio_pack,medium,1.2081981433444695,1.165494337712387,1.0,True,True
oculus_audio_pack/ambience_forest_birds_02.wav,oculus_audio_pack,low,1.4535253602168376,1.1455104211324736,1.0,True,True
oculus_audio_pack/ambience_forest_birds_03.wav,oculus_audio_pack,high,1.0157704907192717,1.1491534786097304,1.0,True,True
oculus_audio_pack/ambience_forest_birds_03.wav,oculus_audio_pack,medium,1.2875919786270584,1.1511291222321325,1.0,True,True
oculus_audio_pack/ambience_forest_birds_03.wav,oculus_audio_pack,low,1.5203170481725254,1.189725329838878,1.0,True,True
oculus_audio_pack/ambient_city_rain_lp.wav,oculus_audio_pack,high,1.0238624613894347,1.1848455142716803,1.0,True,True
oculus_audio_pack/ambient_city_rain_lp.wav,oculus_audio_pack,medium,1.4330006370405184,1.137543892722304,1.0,True,True
oculus_audio_pack/ambient_city_rain_lp.wav,oculus_audio_pack,low,1.5365000865213847,1.1380184426135445,1.0,True,True
oculus_audio_pack/ambient_farm_generic_lp.wav,oculus_audio_pack,high,1.03591196125692,1.1646403013907156,1.0,True,True
oculus_audio_pack/ambient_farm_generic_lp.wav,oculus_audio_pack,medium,1.5361475113372036,1.157806272365279,1.0,True,True
oculus_audio_pack/ambient_farm_generic_lp.wav,oculus_audio_pack,low,1.5464325033096982,1.1408592386187946,1.0,True,True
oculus_audio_pack/ambient_night_lp.wav,oculus_audio_pack,high,1.0309311141484423,1.1308607803586614,1.0,True,True
oculus_audio_pack/ambient_night_lp.wav,oculus_audio_pack,medium,1.5509913264291944,1.1332692749914703,1.0,True,True
oculus_audio_pack/ambient_night_lp.wav,oculus_audio_pack,low,1.5422446387506261,1.1631661971367515,1.0,True,True
oculus_audio_pack/ambient_water_lake_shore_01_lp.wav,oculus_audio_pack,high,1.0249246489533974,1.134712339041316,1.0,True,True
oculus_audio_pack/ambient_water_lake_shore_01_lp.wav,oculus_audio_pack,medium,1.1406864045096983,1.1352556772758275,1.0,True,True
oculus_audio_pack/ambient_water_lake_shore_01_lp.wav,oculus_audio_pack,low,1.4856551331351677,1.135124267812927,1.0,True,True
oculus_audio_pack/ambient_wind_chimes_lp_01.wav,oculus_audio_pack,high,1.009836016504053,1.1363006402685378,1.0,True,True
oculus_audio_pack/ambient_wind_chimes_lp_01.wav,oculus_audio_pack,medium,1.3190509187550616,1.1198223084155716,1.0,True,True
oculus_audio_pack/ambient_wind_chimes_lp_01.wav,oculus_audio_pack,low,1.4981430870336798,1.1249203315251957,1.0,True,True
oculus_audio_pack/ambient_wood_cut_axe.wav,oculus_audio_pack,high,1.020679330101219,1.1575332382868078,1.0,True,True
oculus_audio_pack/ambient_wood_cut_axe.wav,oculus_audio_pack,medium,1.2755947315930374,1.1250220563441828,1.0,True,True
oculus_audio_pack/ambient_wood_cut_axe.wav,oculus_audio_pack,low,1.4686539104441778,1.153864187651166,1.0,True,True
oculus_audio_pack/body_movement_clothing_generic_04.wav,oculus_audio_pack,high,1.008556723896467,1.1480392724156137,1.0,True,True
oculus_audio_pack/body_movement_clothing_generic_04.wav,oculus_audio_pack,medium,1.1721433999448847,1.2006481166571152,1.0,True,True
oculus_audio_pack/body_movement_clothing_generic_04.wav,oculus_audio_pack,low,1.333681315039438,1.2057835458500519,1.0,True,True
oculus_audio_pack/body_movement_withGear_03.wav,oculus_audio_pack,high,1.0421544565635021,1.1673098609794628,1.0,True,True
oculus_audio_pack/body_movement_withGear_03.wav,oculus_audio_pack,medium,1.1546656789941852,1.251456924021772,1.0,True,True
oculus_audio_pack/body_movement_withGear_03.wav,oculus_audio_pack,low,1.2836923376611653,1.1612945397508783,1.0,True,True
oculus_audio_pack/bounce_cartoony_03.wav,oculus_audio_pack,high,1.0371611604776323,1.1710935654090993,1.0,True,True
oculus_audio_pack/bounce_cartoony_03.wav,oculus_audio_pack,medium,1.5177674544316881,1.2173943604347832,1.0,True,True
oculus_audio_pack/bounce_cartoony_03.wav,oculus_audio_pack,low,1.53710906425132,1.2186185449582894,1.0,True,True
oculus_audio_pack/car_engine_high_lp.wav,oculus_audio_pack,high,1.0268880694503626,1.1646962221127541,1.0,True,True
oculus_audio_pack/car_engine_high_lp.wav,oculus_audio_pack,medium,1.0013056546027153,1.1638211080993168,1.0,True,True
oculus_audio_pack/car_engine_high_lp.wav,oculus_audio_pack,low,1.044765559330784,1.1621508780448382,1.0,True,True
oculus_audio_pack/car_start_run_stop_01.wav,oculus_audio_pack,high,1.038481007724927,1.2010169056035966,1.0,True,True
oculus_audio_pack/car_start_run_stop_01.wav,oculus_audio_pack,medium,1.527687351096587,1.2250771906164604,1.0,True,True
oculus_audio_pack/car_start_run_stop_01.wav,oculus_audio_pack,low,1.5128094147918598,1.2002703153386403,1.0,True,True
oculus_audio_pack/car_trunk_close.wav,oculus_audio_pack,high,1.0322524833089073,1.1700275943344827,1.0,True,True
oculus_audio_pack/car_trunk_close.wav,oculus_audio_pack,medium,1.1925728765616408,1.1924085892442402,1.0,True,True
oculus_audio_pack/car_trunk_close.wav,oculus_audio_pack,low,1.3071542250183112,1.2077026963237605,1.0,True,True
oculus_audio_pack/creepy_blood_squish_slimy_03.wav,oculus_audio_pack,high,1.0281542381365316,1.142320477011814,1.0,True,True
oculus_audio_pack/creepy_blood_squish_slimy_03.wav,oculus_audio_pack,medium,1.2595981162643426,1.1485457381411137,1.0,True,True
oculus_audio_pack/creepy_blood_squish_slimy_03.wav,oculus_audio_pack,low,1.4800615814210187,1.1590907447907457,1.0,True,True
oculus_audio_pack/creepy_chains_02.wav,oculus_audio_pack,high,1.0403583448768092,1.1652080338579975,1.0,True,True
oculus_audio_pack/creepy_chains_02.wav,oculus_audio_pack,medium,1.0944787243995147,1.1481119827448498,1.0,True,True
oculus_audio_pack/creepy_chains_02.wav,oculus_audio_pack,low,1.3708159654467782,1.1255331745454473,1.0,True,True
oculus_audio_pack/creepy_creature_03.wav,oculus_audio_pack,high,1.0239559585163764,1.176125373549323,1.0,True,True
oculus_audio_pack/creepy_creature_03.wav,oculus_audio_pack,medium,1.0805879834803376,1.1821346027705681,1.0,True,True
oculus_audio_pack/creepy_creature_03.wav,oculus_audio_pack,low,1.3840291034489292,1.1728041977841,1.0,True,True
oculus_audio_pack/creepy_drone_02.wav,oculus_audio_pack,high,1.0459239630880197,1.163086375681453,1.0,True,True
oculus_audio_pack/creepy_drone_02.wav,oculus_audio_pack,medium,1.347965273210661,1.1779182908481491,1.0,True,True
oculus_audio_pack/creepy_drone_02.wav,oculus_audio_pack,low,1.5379734022471645,1.1528388439178268,1.0,True,True
oculus_audio_pack/creepy_impacts_reverb_01.wav,oculus_audio_pack,high,1.0209558694044307,1.160699477011267,1.0,True,True
oculus_audio_pack/creepy_impacts_reverb_01.wav,oculus_audio_pack,medium,1.4737220786211858,1.1831530514030066,1.0,True,True
oculus_audio_pack/creepy_impacts_reverb_01.wav,oculus_audio_pack,low,1.530236548305129,1.17328354731174,1.0,True,True
oculus_audio_pack/creepy_scratch_02.wav,oculus_audio_pack,high,1.0316458574367902,1.1653106695984348,1.0,True,True
oculus_audio_pack/creepy_scratch_02.wav,oculus_audio_pack,medium,1.1499411455333215,1.182853238521046,1.0,True,True
oculus_audio_pack/creepy_scratch_02.wav,oculus_audio_pack,low,1.4790187497588358,1.170630590937805,1.0,True,True
oculus_audio_pack/creepy_skull_cracking_02.wav,oculus_audio_pack,high,1.0126332683021515,1.1579597940138395,1.0,True,True
oculus_audio_pack/creepy_skull_cracking_02.wav,oculus_audio_pack,medium,1.314309656361134,1.1460397110705596,1.0,True,True
oculus_audio_pack/creepy_skull_cracking_02.wav,oculus_audio_pack,low,1.3395243518637077,1.1362227722077305,1.0,True,True
oculus_audio_pack/creepy_whispers_01.wav,oculus_audio_pack,high,1.0381638256450552,1.17265029779879,1.0,True,True
oculus_audio_pack/creepy_whispers_01.wav,oculus_audio_pack,medium,1.2780228475157556,1.1466347922885427,1.0,True,True
oculus_audio_pack/creepy_whispers_01.wav,oculus_audio_pack,low,1.4722294200189479,1.1586059581938661,1.0,True,True
oculus_audio_pack/door_lock_key_03.wav,oculus_audio_pack,high,1.0050121358811712,1.1810085026617232,1.0,True,True
oculus_audio_pack/door_lock_key_03.wav,oculus_audio_pack,medium,1.1436280728427237,1.184535406244187,1.0,True,True
oculus_audio_pack/door_lock_key_03.wav,oculus_audio_pack,low,1.3062291022873993,1.1637836206644796,1.0,True,True
oculus_audio_pack/doors_frontdoor_open_01.wav,oculus_audio_pack,high,1.02063144732729,1.150468908289236,1.0,True,True
oculus_audio_pack/doors_frontdoor_open_01.wav,oculus_audio_pack,medium,1.0676182489962662,1.1872665857918951,1.0,True,True
oculus_audio_pack/doors_frontdoor_open_01.wav,oculus_audio_pack,low,1.1735529491934065,1.1869234961070467,1.0,True,True
oculus_audio_pack/doors_office_doorknob_01.wav,oculus_audio_pack,high,1.0290010121400603,1.1544727363408198,1.0,True,True
oculus_audio_pack/doors_office_doorknob_01.wav,oculus_audio_pack,medium,1.0017872761754114,1.1783021169216368,1.0,True,True
oculus_audio_pack/doors_office_doorknob_01.wav,oculus_audio_pack,low,0.9981003235436962,1.1889439415048613,1.0,True,True
oculus_audio_pack/doors_sliding_lock_01.wav,oculus_audio_pack,high,1.0117200206655057,1.168763894676946,1.0,True,True
oculus_audio_pack/doors_sliding_lock_01.wav,oculus_audio_pack,medium,1.06526689946504,1.2126364093465163,1.0,True,True
oculus_audio_pack/doors_sliding_lock_01.wav,oculus_audio_pack,low,1.1425009367138295,1.1959875780996332,1.0,True,True
oculus_audio_pack/footsteps_shoe_concrete_run_04.wav,oculus_audio_pack,high,1.0418854008602603,1.1722832100368517,1.0,True,True
oculus_audio_pack/footsteps_shoe_concrete_run_04.wav,oculus_audio_pack,medium,1.0685997127359452,1.1639142220513432,1.0,True,True
oculus_audio_pack/footsteps_shoe_concrete_run_04.wav,oculus_audio_pack,low,1.5751253493929522,1.1881713806512122,1.0,True,True
oculus_audio_pack/footsteps_shoe_dirt_run_03.wav,oculus_audio_pack,high,1.0223835849402372,1.1501779824670277,1.0,True,True
oculus_audio_pack/footsteps_shoe_dirt_run_03.wav,oculus_audio_pack,medium,1.143671262439633,1.2292619448269915,1.0,True,True
oculus_audio_pack/footsteps_shoe_dirt_run_03.wav,oculus_audio_pack,low,1.3016941116827518,1.226902510949319,1.0,True,True
oculus_audio_pack/footsteps_shoe_grass_run_02.wav,oculus_audio_pack,high,1.0033850748970448,1.1136374441159689,1.0,True,True
oculus_audio_pack/footsteps_shoe_grass_run_02.wav,oculus_audio_pack,medium,1.187366925238774,1.1914400165091616,1.0,True,True
oculus_audio_pack/footsteps_shoe_grass_run_02.wav,oculus_audio_pack,low,1.3515437354251278,1.1727549951825151,1.0,True,True
oculus_audio_pack/footsteps_shoe_grass_walk_05.wav,oculus_audio_pack,high,1.0142296610252828,1.1257765488370273,1.0,True,True
oculus_audio_pack/footsteps_shoe_grass_walk_05.wav,oculus_audio_pack,medium,1.234777917238846,1.180111585401205,1.0,True,True
oculus_audio_pack/footsteps_shoe_grass_walk_05.wav,oculus_audio_pack,low,1.3228699951008775,1.1897266918815363,1.0,True,True
oculus_audio_pack/footsteps_shoe_metal_run_04.wav,oculus_audio_pack,high,1.034532561644181,1.2447549073627135,1.0,True,True
oculus_audio_pack/footsteps_shoe_metal_run_04.wav,oculus_audio_pack,medium,1.2378586589246874,1.2433927963755858,1.0,True,True
oculus_audio_pack/footsteps_shoe_metal_run_04.wav,oculus_audio_pack,low,1.2426888610315185,1.2473776490699318,1.0,True,True
oculus_audio_pack/footsteps_shoe_snow_walk_03.wav,oculus_audio_pack,high,1.0075502877656848,1.1596770509548446,1.0,True,True
oculus_audio_pack/footsteps_shoe_snow_walk_03.wav,oculus_audio_pack,medium,1.4119468372053836,1.1879211873283138,1.0,True,True
oculus_audio_pack/footsteps_shoe_snow_walk_03.wav,oculus_audio_pack,low,1.4028719695619496,1.1659655576604309,1.0,True,True
oculus_audio_pack/indoor_hydraulic_01.wav,oculus_audio_pack,high,1.0294488672201292,1.169584363452665,1.0,True,True
oculus_audio_pack/indoor_hydraulic_01.wav,oculus_audio_pack,medium,1.457530355799649,1.163033741477596,1.0,True,True
oculus_audio_pack/indoor_hydraulic_01.wav,oculus_audio_pack,low,1.5453528905241376,1.1567645252853689,1.0,True,True
oculus_audio_pack/indoor_lever_pull_03.wav,oculus_audio_pack,high,1.0345657884263313,1.1859807349703217,1.0,True,True
oculus_audio_pack/indoor_lever_pull_03.wav,oculus_audio_pack,medium,1.1464172499828444,1.1697114427757953,1.0,True,True
oculus_audio_pack/indoor_lever_pull_03.wav,oculus_audio_pack,low,1.3637978852465147,1.153562997830716,1.0,True,True
oculus_audio_pack/interaction_book_page_turns.wav,oculus_audio_pack,high,1.0334035154377847,1.1843056691790956,1.0,True,True
oculus_audio_pack/interaction_book_page_turns.wav,oculus_audio_pack,medium,1.3816135106222551,1.1785145793516212,1.0,True,True
oculus_audio_pack/interaction_book_page_turns.wav,oculus_audio_pack,low,1.5317864165179247,1.1844136451585765,1.0,True,True
oculus_audio_pack/interaction_faucet_on.wav,oculus_audio_pack,high,1.0336902027038208,1.164230928214468,1.0,True,True
oculus_audio_pack/interaction_faucet_on.wav,oculus_audio_pack,medium,1.1584959950467764,1.1859031994894529,1.0,True,True
oculus_audio_pack/interaction_faucet_on.wav,oculus_audio_pack,low,1.548143004917034,1.205112324355875,1.0,True,True
oculus_audio_pack/interaction_knapsack_nylon_close.wav,oculus_audio_pack,high,1.013402919203731,1.1554205193740459,1.0,True,True
oculus_audio_pack/interaction_knapsack_nylon_close.wav,oculus_audio_pack,medium,1.0681994615861836,1.17515798812027,1.0,True,True
oculus_audio_pack/interaction_knapsack_nylon_close.wav,oculus_audio_pack,low,1.3791217169214347,1.1929071146383736,1.0,True,True
oculus_audio_pack/interaction_magic_spell_01.wav,oculus_audio_pack,high,1.0187042825438535,1.1829356231169543,1.0,True,True
oculus_audio_pack/interaction_magic_spell_01.wav,oculus_audio_pack,medium,1.2250539341389841,1.1880690503049485,1.0,True,True
oculus_audio_pack/interaction_magic_spell_01.wav,oculus_audio_pack,low,1.4297443805042442,1.161874164460674,1.0,True,True
oculus_audio_pack/interaction_valve_01_turn.wav,oculus_audio_pack,high,1.0243826970407368,1.1599776471391356,1.0,True,True
oculus_audio_pack/interaction_valve_01_turn.wav,oculus_audio_pack,medium,1.2466004334567216,1.2029719753293537,1.0,True,True
oculus_audio_pack/interaction_valve_01_turn.wav,oculus_audio_pack,low,1.3533120298291166,1.1674322090206821,1.0,True,True
oculus_audio_pack/interaction_whoosh_medium_02.wav,oculus_audio_pack,high,1.03160365355726,1.2642638452823363,1.0,True,True
oculus_audio_pack/interaction_whoosh_medium_02.wav,oculus_audio_pack,medium,1.2347928671899813,1.240230029638276,1.0,True,True
oculus_audio_pack/interaction_whoosh_medium_02.wav,oculus_audio_pack,low,1.5688599219334542,1.2391625716092711,1.0,True,True
oculus_audio_pack/machine_power_tool_04.wav,oculus_audio_pack,high,1.0057872595951207,1.1422943724675325,1.0,True,True
oculus_audio_pack/machine_power_tool_04.wav,oculus_audio_pack,medium,1.0022723878525264,1.1484413448436808,1.0,True,True
oculus_audio_pack/machine_power_tool_04.wav,oculus_audio_pack,low,1.0132215853404758,1.1383409644845934,1.0,True,True
oculus_audio_pack/sting_acoustic_guit_pos_01.wav,oculus_audio_pack,high,1.0357229537828196,1.1894209195896275,1.0,True,True
oculus_audio_pack/sting_acoustic_guit_pos_01.wav,oculus_audio_pack,medium,1.4414587971972264,1.2067486136608532,1.0,True,True
oculus_audio_pack/sting_acoustic_guit_pos_01.wav,oculus_audio_pack,low,1.5496510683485882,1.1937425956037548,1.0,True,True
oculus_audio_pack/sting_banjo_humorous_02.wav,oculus_audio_pack,high,1.0332199959774089,1.1609478633560795,1.0,True,True
oculus_audio_pack/sting_banjo_humorous_02.wav,oculus_audio_pack,medium,1.3696227024101657,1.1743480167677265,1.0,True,True
oculus_audio_pack/sting_banjo_humorous_02.wav,oculus_audio_pack,low,1.4585816447832163,1.1759356693995766,1.0,True,True
oculus_audio_pack/sting_loss_mallet.wav,oculus_audio_pack,high,1.0294312480535457,1.1860520664848588,1.0,True,True
oculus_audio_pack/sting_loss_mallet.wav,oculus_audio_pack,medium,1.4773897511805913,1.1801573649337411,1.0,True,True
oculus_audio_pack/sting_loss_mallet.wav,oculus_audio_pack,low,1.526051212372212,1.185335878375939,1.0,True,True
oculus_audio_pack/sting_loss_piano.wav,oculus_audio_pack,high,1.0368059357122046,1.182926109805132,1.0,True,True
oculus_audio_pack/sting_loss_piano.wav,oculus_audio_pack,medium,1.5414435179706711,1.1807121790423316,1.0,True,True
oculus_audio_pack/sting_loss_piano.wav,oculus_audio_pack,low,1.535478280550072,1.1746698002757807,1.0,True,True
oculus_audio_pack/sting_victory_mallet.wav,oculus_audio_pack,high,1.0333661362466007,1.173302021949791,1.0,True,True
oculus_audio_pack/sting_victory_mallet.wav,oculus_audio_pack,medium,1.5259744205950425,1.1906705539358602,1.0,True,True
oculus_audio_pack/sting_victory_mallet.wav,oculus_audio_pack,low,1.5305833532773818,1.1898435868624897,1.0,True,True
oculus_audio_pack/sting_victory_orch_03.wav,oculus_audio_pack,high,1.0148099991013197,1.1449302400470374,1.0,True,True
oculus_audio_pack/sting_victory_orch_03.wav,oculus_audio_pack,medium,1.1607220582119764,1.2078909078574798,1.0,True,True
oculus_audio_pack/sting_victory_orch_03.wav,oculus_audio_pack,low,1.5150468167825983,1.1643118784988595,1.0,True,True
oculus_audio_pack/sting_xp_level_up_orch_01.wav,oculus_audio_pack,high,1.0189999047468055,1.1761606841136933,1.0,True,True
oculus_audio_pack/sting_xp_level_up_orch_01.wav,oculus_audio_pack,medium,1.3928857503037833,1.1762711553792164,1.0,True,True
oculus_audio_pack/sting_xp_level_up_orch_01.wav,oculus_audio_pack,low,1.5445638621898015,1.200579129078962,1.0,True,True
oculus_audio_pack/swoosh_03.wav,oculus_audio_pack,high,1.0313484574848741,1.1470709188039916,1.0,True,True
oculus_audio_pack/swoosh_03.wav,oculus_audio_pack,medium,1.263680390249796,1.1704360487657721,1.0,True,True
oculus_audio_pack/swoosh_03.wav,oculus_audio_pack,low,1.369455665757055,1.1761926884813616,1.0,True,True
oculus_audio_pack/ui_casual_musical_open.wav,oculus_audio_pack,high,1.0241232650380458,1.1763687392207927,1.0,True,True
oculus_audio_pack/ui_casual_musical_open.wav,oculus_audio_pack,medium,1.3313509175180531,1.1958536337966486,1.0,True,True
oculus_audio_pack/ui_casual_musical_open.wav,oculus_audio_pack,low,1.5297460416993258,1.1897882535259452,1.0,True,True
oculus_audio_pack/ui_laser_shoot_02.wav,oculus_audio_pack,high,1.0246087648463058,1.1772264380551682,1.0,True,True
oculus_audio_pack/ui_laser_shoot_02.wav,oculus_audio_pack,medium,1.1917837605039314,1.1924214668130566,1.0,True,True
oculus_audio_pack/ui_laser_shoot_02.wav,oculus_audio_pack,low,1.3068827551749227,1.2076794228417853,1.0,True,True
oculus_audio_pack/ui_magical_open.wav,oculus_audio_pack,high,1.0134310525144878,1.1472585851340447,1.0,True,True
oculus_audio_pack/ui_magical_open.wav,oculus_audio_pack,medium,1.217899592055285,1.1418282238315003,1.0,True,True
oculus_audio_pack/ui_magical_open.wav,oculus_audio_pack,low,1.3451040653743245,1.1715278535688967,1.0,True,True
oculus_audio_pack/ui_metal_open.wav,oculus_audio_pack,high,1.0330486307085065,1.1722254477644187,1.0,True,True
oculus_audio_pack/ui_metal_open.wav,oculus_audio_pack,medium,1.1661005921378387,1.1647506272784995,1.0,True,True
oculus_audio_pack/ui_metal_open.wav,oculus_audio_pack,low,1.3908966050045066,1.169208055388978,1.0,True,True
oculus_audio_pack/ui_notification_03.wav,oculus_audio_pack,high,1.0292765590914623,1.136345093490021,1.0,True,True
oculus_audio_pack/ui_notification_03.wav,oculus_audio_pack,medium,1.234704626856953,1.1631568458758548,1.0,True,True
oculus_audio_pack/ui_notification_03.wav,oculus_audio_pack,low,1.3905671343227097,1.1857984516329796,1.0,True,True
oculus_audio_pack/ui_powerup_01.wav,oculus_audio_pack,high,1.027702203401078,1.1876065113794259,1.0,True,True
oculus_audio_pack/ui_powerup_01.wav,oculus_audio_pack,medium,1.1555791005066112,1.1801688773364365,1.0,True,True
oculus_audio_pack/ui_powerup_01.wav,oculus_audio_pack,low,1.395881276063272,1.1813233486140082,1.0,True,True
oculus_audio_pack/ui_scifi_traditional_confirm.wav,oculus_audio_pack,high,1.0236137800844298,1.1869472410037403,1.0,True,True
oculus_audio_pack/ui_scifi_traditional_confirm.wav,oculus_audio_pack,medium,1.3501888709803127,1.2164106097876746,1.0,True,True
oculus_audio_pack/ui_scifi_traditional_confirm.wav,oculus_audio_pack,low,1.3536778167124313,1.2121735916728522,1.0,True,True
oculus_audio_pack/ui_wood_error.wav,oculus_audio_pack,high,1.046406236365223,1.209304874357249,1.0,True,True
oculus_audio_pack/ui_wood_error.wav,oculus_audio_pack,medium,1.2996538025021522,1.214120292963214,1.0,True,True
oculus_audio_pack/ui_wood_error.wav,oculus_audio_pack,low,1.3063351092829767,1.2055502451460363,1.0,True,True
oculus_audio_pack/voice_animal_duck_01.wav,oculus_audio_pack,high,1.0470777266519382,1.1656013915215775,1.0,True,True
oculus_audio_pack/voice_animal_duck_01.wav,oculus_audio_pack,medium,1.2892631396877978,1.1766685964213253,1.0,True,True
oculus_audio_pack/voice_animal_duck_01.wav,oculus_audio_pack,low,1.5797237720099706,1.1600489973881458,1.0,True,True
oculus_audio_pack/voice_animal_sheep_01.wav,oculus_audio_pack,high,1.0205203915817844,1.1580929549005166,1.0,True,True
oculus_audio_pack/voice_animal_sheep_01.wav,oculus_audio_pack,medium,1.1074034928783532,1.1709034900716968,1.0,True,True
oculus_audio_pack/voice_animal_sheep_01.wav,oculus_audio_pack,low,1.3778262393045195,1.197291624706906,1.0,True,True
oculus_audio_pack/voice_evil_laugh_02.wav,oculus_audio_pack,high,1.0273645618423817,1.2043961290312961,1.0,True,True
oculus_audio_pack/voice_evil_laugh_02.wav,oculus_audio_pack,medium,1.3516625683189543,1.1743864811527598,1.0,True,True
oculus_audio_pack/voice_evil_laugh_02.wav,oculus_audio_pack,low,1.5581079939066047,1.1715306928259686,1.0,True,True
oculus_audio_pack/voice_horse_neigh_01.wav,oculus_audio_pack,high,1.0402616461190883,1.1711355064296862,1.0,True,True
oculus_audio_pack/voice_horse_neigh_01.wav,oculus_audio_pack,medium,1.0935807308396237,1.1583152495470923,1.0,True,True
oculus_audio_pack/voice_horse_neigh_01.wav,oculus_audio_pack,low,1.5000040365346563,1.158553767492878,1.0,True,True
oculus_audio_pack/voice_male_breathing_01.wav,oculus_audio_pack,high,1.0332416860177598,1.1607923873622819,1.0,True,True
oculus_audio_pack/voice_male_breathing_01.wav,oculus_audio_pack,medium,1.3701029078112072,1.1542058576670826,1.0,True,True
oculus_audio_pack/voice_male_breathing_01.wav,oculus_audio_pack,low,1.4648173717218362,1.1480401855962346,1.0,True,True
oculus_audio_pack/voice_male_scream_01.wav,oculus_audio_pack,high,1.0219052273383264,1.159007396307014,1.0,True,True
oculus_audio_pack/voice_male_scream_01.wav,oculus_audio_pack,medium,1.0168855534709194,1.1678382974792976,1.0,True,True
oculus_audio_pack/voice_male_scream_01.wav,oculus_audio_pack,low,1.5229050559860111,1.2033887086697912,1.0,True,True
sqam/01_sine_wave_1khz_20db_10db_0db_mono.wav,sqam,high,1.0063228597108627,1.139445606713227,1.0,True,True
sqam/01_sine_wave_1khz_20db_10db_0db_mono.wav,sqam,medium,1.5368530259420339,1.1779813287191283,1.0,True,True
sqam/01_sine_wave_1khz_20db_10db_0db_mono.wav,sqam,low,1.5192212136747718,1.1888841404848904,1.0,True,True
sqam/02_band_limited_pink_noise_stereo.wav,sqam,high,1.013887395400594,1.1282302560216217,1.0,True,True
sqam/02_band_limited_pink_noise_stereo.wav,sqam,medium,1.5330830070254922,1.1329717421527856,1.0,True,True
sqam/02_band_limited_pink_noise_stereo.wav,sqam,low,1.5557308053765955,1.1012017312625653,1.0,True,True
sqam/03_electronic_gong_100hz_mono.wav,sqam,high,1.013306992253859,1.1234796230314126,1.0,True,True
sqam/03_electronic_gong_100hz_mono.wav,sqam,medium,1.433495296081194,1.1332475365370367,1.0,True,True
sqam/03_electronic_gong_100hz_mono.wav,sqam,low,1.437768161990642,1.129950284707274,1.0,True,True
sqam/04_electronic_gong_400hz_mono.wav,sqam,high,1.0034271492348765,1.1364427455354698,1.0,True,True
sqam/04_electronic_gong_400hz_mono.wav,sqam,medium,1.439465848582783,1.1273430232775683,1.0,True,True
sqam/04_electronic_gong_400hz_mono.wav,sqam,low,1.4133982751651708,1.1382508128832012,1.0,True,True
sqam/05_electronic_gong_5khz_mono.wav,sqam,high,1.0038381289877987,1.0902680914269915,1.0,True,True
sqam/05_electronic_gong_5khz_mono.wav,sqam,medium,1.3772813951382576,1.0893277339147391,1.0,True,True
sqam/05_electronic_gong_5khz_mono.wav,sqam,low,1.4278954364047678,1.0736245686732753,1.0,True,True
sqam/06_electronic_gong_500hz_vibrato_mono.wav,sqam,high,1.0143646309609742,1.1019302649548641,1.0,True,True
sqam/06_electronic_gong_500hz_vibrato_mono.wav,sqam,medium,1.4336245380301382,1.1179465897150758,1.0,True,True
sqam/06_electronic_gong_500hz_vibrato_mono.wav,sqam,low,1.4085660906928967,1.115130095599134,1.0,True,True
sqam/07_electronic_tune_frere_jacques_mono.wav,sqam,high,1.0031299239759497,1.1281787329735713,1.0,True,True
sqam/07_electronic_tune_frere_jacques_mono.wav,sqam,medium,1.470503167996371,1.1400537013478376,1.0,True,True
sqam/07_electronic_tune_frere_jacques_mono.wav,sqam,low,1.4615015059981669,1.1198157286649497,1.0,True,True
sqam/08_violin_arpegio_melodious_phrase_stereo.wav,sqam,high,1.025729830554115,1.1311933340672624,1.0,True,True
sqam/08_violin_arpegio_melodious_phrase_stereo.wav,sqam,medium,1.5063725549807914,1.1622279583675827,1.0,True,True
sqam/08_violin_arpegio_melodious_phrase_stereo.wav,sqam,low,1.5354899309741639,1.1381328836031412,1.0,True,True
sqam/09_viola_arpegio_melodious_phrase_stereo.wav,sqam,high,1.020372360130011,1.1531521701465626,1.0,True,True
sqam/09_viola_arpegio_melodious_phrase_stereo.wav,sqam,medium,1.5237766504361299,1.1701753115911866,1.0,True,True
sqam/09_viola_arpegio_melodious_phrase_stereo.wav,sqam,low,1.5405517549702175,1.1665710833544227,1.0,True,True
sqam/10_violoncello_arpegio_melodious_phrase_stereo.wav,sqam,high,1.024270429903727,1.1565739806916542,1.0,True,True
sqam/10_violoncello_arpegio_melodious_phrase_stereo.wav,sqam,medium,1.5192288055033978,1.1731412804598917,1.0,True,True
sqam/10_violoncello_arpegio_melodious_phrase_stereo.wav,sqam,low,1.5076810528107591,1.151879325262487,1.0,True,True
sqam/11_double_bass_arpegio_melodious_phrase_stereo.wav,sqam,high,1.0013202036227846,1.1536949786790818,1.0,True,True
sqam/11_double_bass_arpegio_melodious_phrase_stereo.wav,sqam,medium,1.507060525598634,1.1589191653430708,1.0,True,True
sqam/11_double_bass_arpegio_melodious_phrase_stereo.wav,sqam,low,1.4916548426115703,1.1585625197898894,1.0,True,True
sqam/12_piccolo_melodious_phrase_stereo.wav,sqam,high,1.0213364976374044,1.155846966072604,1.0,True,True
sqam/12_piccolo_melodious_phrase_stereo.wav,sqam,medium,1.517181026609888,1.1431967660995923,1.0,True,True
sqam/12_piccolo_melodious_phrase_stereo.wav,sqam,low,1.4985582556329928,1.1362615412090047,1.0,True,True
sqam/13_flute_arpegio_melodious_phrase_stereo.wav,sqam,high,1.0257527929355292,1.170063298795186,1.0,True,True
sqam/13_flute_arpegio_melodious_phrase_stereo.wav,sqam,medium,1.4837789215506805,1.1733795778243932,1.0,True,True
sqam/13_flute_arpegio_melodious_phrase_stereo.wav,sqam,low,1.510798164054899,1.168031002864363,1.0,True,True
sqam/14_oboe_arpegio_melodious_phrase_stereo.wav,sqam,high,1.0339334964478164,1.1686203936288346,1.0,True,True
sqam/14_oboe_arpegio_melodious_phrase_stereo.wav,sqam,medium,1.5098398570408496,1.1355036956476456,1.0,True,True
sqam/14_oboe_arpegio_melodious_phrase_stereo.wav,sqam,low,1.5179992105027307,1.162603526327456,1.0,True,True
sqam/15_cor_anglais_arpegio_stereo.wav,sqam,high,1.0127114678696076,1.1488214849410348,1.0,True,True
sqam/15_cor_anglais_arpegio_stereo.wav,sqam,medium,1.535556001862825,1.1775454535283132,1.0,True,True
sqam/15_cor_anglais_arpegio_stereo.wav,sqam,low,1.5208826481627773,1.1565965712568855,1.0,True,True
sqam/16_clarinet_arpegio_melodious_phrase_stereo.wav,sqam,high,0.9972733533918946,1.1329269788792393,1.0,True,True
sqam/16_clarinet_arpegio_melodious_phrase_stereo.wav,sqam,medium,1.5200089370078465,1.168762060547696,1.0,True,True
sqam/16_clarinet_arpegio_melodious_phrase_stereo.wav,sqam,low,1.4990236477080514,1.175072448184758,1.0,True,True
sqam/17_bass_clarinet_arpegio_stereo.wav,sqam,high,1.0109274219031572,1.137127213054673,1.0,True,True
sqam/17_bass_clarinet_arpegio_stereo.wav,sqam,medium,1.524783473260666,1.1573042538055247,1.0,True,True
sqam/17_bass_clarinet_arpegio_stereo.wav,sqam,low,1.5116723875433482,1.1482932970460054,1.0,True,True
sqam/18_bassoon_arpegio_melodious_phrase_stereo.wav,sqam,high,1.0217070808395927,1.164545669058987,1.0,True,True
sqam/18_bassoon_arpegio_melodious_phrase_stereo.wav,sqam,medium,1.5052557221689598,1.1595091336776289,1.0,True,True
sqam/18_bassoon_arpegio_melodious_phrase_stereo.wav,sqam,low,1.5019592194301747,1.1373816756357855,1.0,True,True
sqam/19_contra_bassoon_arpegio_stereo.wav,sqam,high,1.0076512144673142,1.1471683122569443,1.0,True,True
sqam/19_contra_bassoon_arpegio_stereo.wav,sqam,medium,1.5107577584812812,1.1766629009162695,1.0,True,True
sqam/19_contra_bassoon_arpegio_stereo.wav,sqam,low,1.4872917489115425,1.1587935645658756,1.0,True,True
sqam/20_saxophone_arpegio_melodious_phrase_stereo.wav,sqam,high,1.0124451878479734,1.1375645259338225,1.0,True,True
sqam/20_saxophone_arpegio_melodious_phrase_stereo.wav,sqam,medium,1.501982966389517,1.1431273070220629,1.0,True,True
sqam/20_saxophone_arpegio_melodious_phrase_stereo.wav,sqam,low,1.4983810336178507,1.1458374580029302,1.0,True,True
sqam/21_trumpet_arpegio_melodious_phrase_stereo.wav,sqam,high,1.0422702591575403,1.1501809768587195,1.0,True,True
sqam/21_trumpet_arpegio_melodious_phrase_stereo.wav,sqam,medium,1.4667083876288007,1.1399553808662157,1.0,True,True
sqam/21_trumpet_arpegio_melodious_phrase_stereo.wav,sqam,low,1.5065510413488497,1.170698531764734,1.0,True,True
sqam/22_trombone_arpegio_melodious_phrase_stereo.wav,sqam,high,1.0183054285484814,1.1435687805618078,1.0,True,True
sqam/22_trombone_arpegio_melodious_phrase_stereo.wav,sqam,medium,1.5018879740357578,1.1318133784281843,1.0,True,True
sqam/22_trombone_arpegio_melodious_phrase_stereo.wav,sqam,low,1.5020546020309054,1.139264263706115,1.0,True,True
sqam/23_horn_arpegio_melodious_phrase_stereo.wav,sqam,high,1.0223303399585677,1.1494389113956598,1.0,True,True
sqam/23_horn_arpegio_melodious_phrase_stereo.wav,sqam,medium,1.498579368528316,1.1550041565513771,1.0,True,True
sqam/23_horn_arpegio_melodious_phrase_stereo.wav,sqam,low,1.4898896099440098,1.1402438120519414,1.0,True,True
sqam/24_tuba_arpegio_melodious_phrase_stereo.wav,sqam,high,0.9937636907236882,1.1232595977451014,1.0,True,True
sqam/24_tuba_arpegio_melodious_phrase_stereo.wav,sqam,medium,1.5013111711007354,1.1652146036134312,1.0,True,True
sqam/24_tuba_arpegio_melodious_phrase_stereo.wav,sqam,low,1.489049221796933,1.1343554661829514,1.0,True,True
sqam/25_harp_arpegio_melodious_phrase_stereo.wav,sqam,high,1.0104747644393708,1.1589332524413951,1.0,True,True
sqam/25_harp_arpegio_melodious_phrase_stereo.wav,sqam,medium,1.4733813933029858,1.1418807308596646,1.0,True,True
sqam/25_harp_arpegio_melodious_phrase_stereo.wav,sqam,low,1.5184328388636572,1.1721646794957359,1.0,True,True
sqam/26_claves_single_tone_single_tone_rhythm_stereo.wav,sqam,high,1.0071988847113882,1.1067100470012123,1.0,True,True
sqam/26_claves_single_tone_single_tone_rhythm_stereo.wav,sqam,medium,1.4481914575664396,1.1477141167379996,1.0,True,True
sqam/26_claves_single_tone_single_tone_rhythm_stereo.wav,sqam,low,1.5023568829834797,1.134487391689821,1.0,True,True
sqam/27_castanets_single_tone_rhythm_stereo.wav,sqam,high,1.0097729175496881,1.128324151939883,1.0,True,True
sqam/27_castanets_single_tone_rhythm_stereo.wav,sqam,medium,1.1889111966516712,1.1063298780854331,1.0,True,True
sqam/27_castanets_single_tone_rhythm_stereo.wav,sqam,low,1.252479485996021,1.1346668358904077,1.0,True,True
sqam/28_side_drum_stereo.wav,sqam,high,1.0081764810089013,1.1478417603649183,1.0,True,True
sqam/28_side_drum_stereo.wav,sqam,medium,1.4971198052984176,1.128214037712151,1.0,True,True
sqam/28_side_drum_stereo.wav,sqam,low,1.480309698692663,1.140275918464552,1.0,True,True
sqam/29_bass_drum_single_tone_stereo.wav,sqam,high,0.9918151334604601,1.148443056869078,1.0,True,True
sqam/29_bass_drum_single_tone_stereo.wav,sqam,medium,1.4637397191467811,1.1354692109995277,1.0,True,True
sqam/29_bass_drum_single_tone_stereo.wav,sqam,low,1.4385184959473263,1.1292872932136273,1.0,True,True
sqam/30_kettle_drums_single_tone_stereo.wav,sqam,high,1.0254459548527255,1.129332552386671,1.0,True,True
sqam/30_kettle_drums_single_tone_stereo.wav,sqam,medium,1.455626126942874,1.15034826756481,1.0,True,True
sqam/30_kettle_drums_single_tone_stereo.wav,sqam,low,1.484409254827775,1.1500123412961505,1.0,True,True
sqam/31_cymbal.wav,sqam,high,1.0329335898850167,1.1331997214249827,1.0,True,True
sqam/31_cymbal.wav,sqam,medium,1.405202261748814,1.1286955491491013,1.0,True,True
sqam/31_cymbal.wav,sqam,low,1.47752435396189,1.1427680778441727,1.0,True,True
sqam/32_triangles-triangle_roll_stereo.wav,sqam,high,1.009349919171066,1.1490509076769335,1.0,True,True
sqam/32_triangles-triangle_roll_stereo.wav,sqam,medium,1.431644272778185,1.161845863675267,1.0,True,True
sqam/32_triangles-triangle_roll_stereo.wav,sqam,low,1.481735427180871,1.15177863394642,1.0,True,True
sqam/33_gong_single_tone_forte_single_tone_piano_roll_stereo.wav,sqam,high,1.0161105449346295,1.1621825034740336,1.0,True,True
sqam/33_gong_single_tone_forte_single_tone_piano_roll_stereo.wav,sqam,medium,1.4692910100433176,1.154304400857942,1.0,True,True
sqam/33_gong_single_tone_forte_single_tone_piano_roll_stereo.wav,sqam,low,1.4844835659056,1.1643299568299403,1.0,True,True
sqam/34_tubular_bells_melodious_phrase_stereo.wav,sqam,high,0.9995201224369237,1.114563198113759,1.0,True,True
sqam/34_tubular_bells_melodious_phrase_stereo.wav,sqam,medium,1.4834804319772201,1.1420033929449427,1.0,True,True
sqam/34_tubular_bells_melodious_phrase_stereo.wav,sqam,low,1.506327937658463,1.1346900549077903,1.0,True,True
sqam/35_glockenspiel_arpegio_melodious_phrase_stereo.wav,sqam,high,1.0201258118579248,1.1514524804037902,1.0,True,True
sqam/35_glockenspiel_arpegio_melodious_phrase_stereo.wav,sqam,medium,1.4041317623254763,1.1235796501330226,1.0,True,True
sqam/35_glockenspiel_arpegio_melodious_phrase_stereo.wav,sqam,low,1.448153306199816,1.136370637395424,1.0,True,True
sqam/36_xylophone_single_tone_melodious_phrase_stereo.wav,sqam,high,1.0121250289868886,1.1025106230995165,1.0,True,True
sqam/36_xylophone_single_tone_melodious_phrase_stereo.wav,sqam,medium,1.4203045138980464,1.1273474178351126,1.0,True,True
sqam/36_xylophone_single_tone_melodious_phrase_stereo.wav,sqam,low,1.493753004343985,1.1403871085699089,1.0,True,True
sqam/37_vibraphone_arpegio_stereo.wav,sqam,high,1.0351389168460305,1.1350853761006858,1.0,True,True
sqam/37_vibraphone_arpegio_stereo.wav,sqam,medium,1.4519212145530025,1.1505207285402457,1.0,True,True
sqam/37_vibraphone_arpegio_stereo.wav,sqam,low,1.487256320273562,1.1435652380173982,1.0,True,True
sqam/38_marimba_single_tone_stereo.wav,sqam,high,1.001678334481976,1.1522992388244495,1.0,True,True
sqam/38_marimba_single_tone_stereo.wav,sqam,medium,1.4312945306072715,1.1213276715099507,1.0,True,True
sqam/38_marimba_single_tone_stereo.wav,sqam,low,1.424617713806006,1.1358871058757414,1.0,True,True
sqam/39_grand_piano_arpegio_stereo.wav,sqam,high,1.004573821692016,1.1655918462506398,1.0,True,True
sqam/39_grand_piano_arpegio_stereo.wav,sqam,medium,1.4937851385504572,1.1503134843296132,1.0,True,True
sqam/39_grand_piano_arpegio_stereo.wav,sqam,low,1.5163854416607003,1.1701782289601494,1.0,True,True
sqam/40_harpsichord_arpegio_melodious_phrase_stereo.wav,sqam,high,1.0216988488929688,1.1383800641551465,1.0,True,True
sqam/40_harpsichord_arpegio_melodious_phrase_stereo.wav,sqam,medium,1.4582917102800508,1.1847366477948469,1.0,True,True
sqam/40_harpsichord_arpegio_melodious_phrase_stereo.wav,sqam,low,1.505012745327689,1.166583908436736,1.0,True,True
sqam/41_celesta_arpegio_single_tone_melodious_phrase_stereo.wav,sqam,high,1.0046412649188203,1.1455316916855018,1.0,True,True
sqam/41_celesta_arpegio_single_tone_melodious_phrase_stereo.wav,sqam,medium,1.4808277348837406,1.1563988163988292,1.0,True,True
sqam/41_celesta_arpegio_single_tone_melodious_phrase_stereo.wav,sqam,low,1.4986265377329795,1.1649853442368667,1.0,True,True
sqam/42_accordion_melodious_phrase_stereo.wav,sqam,high,1.022399917387017,1.1493706768078567,1.0,True,True
sqam/42_accordion_melodious_phrase_stereo.wav,sqam,medium,1.5071669178345815,1.1420710797926366,1.0,True,True
sqam/42_accordion_melodious_phrase_stereo.wav,sqam,low,1.539278548802895,1.1555379438870559,1.0,True,True
sqam/43_organ_arpegio_stereo.wav,sqam,high,1.0429374257834845,1.170686492028514,1.0,True,True
sqam/43_organ_arpegio_stereo.wav,sqam,medium,1.3925527408118066,1.1587177382938636,1.0,True,True
sqam/43_organ_arpegio_stereo.wav,sqam,low,1.5235350166991524,1.1510628518936046,1.0,True,True
sqam/44_soprano_stereo.wav,sqam,high,1.008178935568007,1.1626641954090393,1.0,True,True
sqam/44_soprano_stereo.wav,sqam,medium,1.5027095503936951,1.1747300499334918,1.0,True,True
sqam/44_soprano_stereo.wav,sqam,low,1.5046329082095846,1.1596912577192833,1.0,True,True
sqam/45_alto_stereo.wav,sqam,high,1.0122225098810136,1.1532909629756747,1.0,True,True
sqam/45_alto_stereo.wav,sqam,medium,1.5158850767807721,1.1433888072114058,1.0,True,True
sqam/45_alto_stereo.wav,sqam,low,1.5287039912463345,1.1617016446023751,1.0,True,True
sqam/46_tenor_stereo.wav,sqam,high,1.010862467034838,1.1866335823986787,1.0,True,True
sqam/46_tenor_stereo.wav,sqam,medium,1.5149226940328604,1.1432999749094703,1.0,True,True
sqam/46_tenor_stereo.wav,sqam,low,1.5225612486038484,1.156990928638781,1.0,True,True
sqam/47_bass_stereo.wav,sqam,high,1.019110351715729,1.1607825808166001,1.0,True,True
sqam/47_bass_stereo.wav,sqam,medium,1.5425375359694027,1.1370109112044597,1.0,True,True
sqam/47_bass_stereo.wav,sqam,low,1.5323638420199797,1.167688635946874,1.0,True,True
sqam/48_quartet_stereo.wav,sqam,high,1.027866614158235,1.1571011917870988,1.0,True,True
sqam/48_quartet_stereo.wav,sqam,medium,1.52471637227967,1.14904920330966,1.0,True,True
sqam/48_quartet_stereo.wav,sqam,low,1.494380290807385,1.1341258995768422,1.0,True,True
sqam/49_female_speech_english_mono.wav,sqam,high,1.0362382671501131,1.1442339102776267,1.0,True,True
sqam/49_female_speech_english_mono.wav,sqam,medium,1.4289395781152179,1.1471864747369154,1.0,True,True
sqam/49_female_speech_english_mono.wav,sqam,low,1.4918890630330208,1.1317781744851358,1.0,True,True
sqam/50_male_speech_english_mono.wav,sqam,high,1.0230736771506745,1.1538629025432614,1.0,True,True
sqam/50_male_speech_english_mono.wav,sqam,medium,1.4909283530752162,1.1282548151771272,1.0,True,True
sqam/50_male_speech_english_mono.wav,sqam,low,1.5165869788743518,1.1859849880016409,1.0,True,True
sqam/51_female_speech_french_mono.wav,sqam,high,1.0151716583194175,1.1288510206319613,1.0,True,True
sqam/51_female_speech_french_mono.wav,sqam,medium,1.4630940396305692,1.1291501014969265,1.0,True,True
sqam/51_female_speech_french_mono.wav,sqam,low,1.5130393442213672,1.1490140151926815,1.0,True,True
sqam/52_male_speech_french_mono.wav,sqam,high,1.0168184013435537,1.1672110496241124,1.0,True,True
sqam/52_male_speech_french_mono.wav,sqam,medium,1.421941317767345,1.160154220239686,1.0,True,True
sqam/52_male_speech_french_mono.wav,sqam,low,1.5099125982192332,1.15866439208978,1.0,True,True
sqam/53_female_speech_german_mono.wav,sqam,high,1.0310302275933332,1.1374090632578053,1.0,True,True
sqam/53_female_speech_german_mono.wav,sqam,medium,1.4291920631905033,1.1401166073500533,1.0,True,True
sqam/53_female_speech_german_mono.wav,sqam,low,1.562356848288985,1.1436785954369981,1.0,True,True
sqam/54_male_speech_german_mono.wav,sqam,high,1.027138941170151,1.1551849573604267,1.0,True,True
sqam/54_male_speech_german_mono.wav,sqam,medium,1.4454665564341145,1.147774130789707,1.0,True,True
sqam/54_male_speech_german_mono.wav,sqam,low,1.5156567419796974,1.1583222602628516,1.0,True,True
sqam/55_trumpet_haydn_stereo.wav,sqam,high,1.0399253856360786,1.1624060689688505,1.0,True,True
sqam/55_trumpet_haydn_stereo.wav,sqam,medium,1.5126692884942319,1.1424427086221338,1.0,True,True
sqam/55_trumpet_haydn_stereo.wav,sqam,low,1.5158433330407002,1.1538665529996974,1.0,True,True
sqam/56_organ_händel_stereo.wav,sqam,high,1.0112774542917466,1.144972965040124,1.0,True,True
sqam/56_organ_händel_stereo.wav,sqam,medium,1.4818166431547772,1.176111050606958,1.0,True,True
sqam/56_organ_händel_stereo.wav,sqam,low,1.5397466882988815,1.1763825227669904,1.0,True,True
sqam/57_organ_bach_stereo.wav,sqam,high,1.0038506496027961,1.1298886034684479,1.0,True,True
sqam/57_organ_bach_stereo.wav,sqam,medium,1.5273877870465429,1.1515433179952514,1.0,True,True
sqam/57_organ_bach_stereo.wav,sqam,low,1.5431092029417846,1.132737937086945,1.0,True,True
sqam/58_guitar_sarasate_stereo.wav,sqam,high,1.0039439183622643,1.1470907190711097,1.0,True,True
sqam/58_guitar_sarasate_stereo.wav,sqam,medium,1.4687955872297505,1.1551727467759503,1.0,True,True
sqam/58_guitar_sarasate_stereo.wav,sqam,low,1.4916354734218238,1.148180135211934,1.0,True,True
sqam/59_violin_ravel_stereo.wav,sqam,high,1.0343627077694357,1.146708416296703,1.0,True,True
sqam/59_violin_ravel_stereo.wav,sqam,medium,1.5191772144306976,1.1445665618186687,1.0,True,True
sqam/59_violin_ravel_stereo.wav,sqam,low,1.5054390827805932,1.1674881280860891,1.0,True,True
sqam/60_piano_schubert_stereo.wav,sqam,high,1.0116106844182688,1.1766422014262434,1.0,True,True
sqam/60_piano_schubert_stereo.wav,sqam,medium,1.5034995797013553,1.1603845925628398,1.0,True,True
sqam/60_piano_schubert_stereo.wav,sqam,low,1.4890605857769357,1.1548218452562538,1.0,True,True
sqam/61_soprano_mozart_stereo.wav,sqam,high,1.005650588058374,1.1606378456067377,1.0,True,True
sqam/61_soprano_mozart_stereo.wav,sqam,medium,1.5311098174134359,1.149781338125734,1.0,True,True
sqam/61_soprano_mozart_stereo.wav,sqam,low,1.5130890490681133,1.168656829383625,1.0,True,True
sqam/62_soprano_spiritual_stereo.wav,sqam,high,0.998157091516441,1.17245318854259,1.0,True,True
sqam/62_soprano_spiritual_stereo.wav,sqam,medium,1.4888248548507372,1.159836381488194,1.0,True,True
sqam/62_soprano_spiritual_stereo.wav,sqam,low,1.519647725089926,1.1632639860501168,1.0,True,True
sqam/63_soloists_verdi_stereo.wav,sqam,high,1.0220956246127124,1.1456338312784833,1.0,True,True
sqam/63_soloists_verdi_stereo.wav,sqam,medium,1.5046156781113893,1.1602348301592382,1.0,True,True
sqam/63_soloists_verdi_stereo.wav,sqam,low,1.5414937588951783,1.1529133170803694,1.0,True,True
sqam/64_choir_orff_stereo.wav,sqam,high,1.0335715692186895,1.1741527801498035,1.0,True,True
sqam/64_choir_orff_stereo.wav,sqam,medium,1.2744666115723728,1.134212535100276,1.0,True,True
sqam/64_choir_orff_stereo.wav,sqam,low,1.5139602976555255,1.1528995692463533,1.0,True,True
sqam/65_orchestra_strauss_stereo.wav,sqam,high,1.0297731341556122,1.1485370173370788,1.0,True,True
sqam/65_orchestra_strauss_stereo.wav,sqam,medium,1.368396882623292,1.1505222855633916,1.0,True,True
sqam/65_orchestra_strauss_stereo.wav,sqam,low,1.5000574257531754,1.1433284934485535,1.0,True,True
sqam/66_wind_ensemble_stravinsky_stereo.wav,sqam,high,1.0213558372859386,1.1537633134654615,1.0,True,True
sqam/66_wind_ensemble_stravinsky_stereo.wav,sqam,medium,1.2895098781096486,1.1381163471572204,1.0,True,True
sqam/66_wind_ensemble_stravinsky_stereo.wav,sqam,low,1.5198633962377461,1.168502317241983,1.0,True,True
sqam/67_wind_ensemble_mozart_stereo.wav,sqam,high,1.019830265530243,1.1748383463781813,1.0,True,True
sqam/67_wind_ensemble_mozart_stereo.wav,sqam,medium,1.518495438428073,1.1463400754598259,1.0,True,True
sqam/67_wind_ensemble_mozart_stereo.wav,sqam,low,1.5330980119038475,1.1698763026790855,1.0,True,True
sqam/68_orchestra_baird_stereo.wav,sqam,high,1.0146345710173796,1.175266004693772,1.0,True,True
sqam/68_orchestra_baird_stereo.wav,sqam,medium,1.4798578154102853,1.1586922845768517,1.0,True,True
sqam/68_orchestra_baird_stereo.wav,sqam,low,1.4967850259612336,1.1664537747768937,1.0,True,True
sqam/69_abba_stereo.wav,sqam,high,1.0220927920309038,1.1480037694285525,1.0,True,True
sqam/69_abba_stereo.wav,sqam,medium,1.4445177417825952,1.1578526864701042,1.0,True,True
sqam/69_abba_stereo.wav,sqam,low,1.527440924607575,1.153290907322623,1.0,True,True
sqam/70_eddie_rabbitt_stereo.wav,sqam,high,1.0316775661885587,1.1910591208805998,1.0,True,True
sqam/70_eddie_rabbitt_stereo.wav,sqam,medium,1.2797218353482158,1.141070047088366,1.0,True,True
sqam/70_eddie_rabbitt_stereo.wav,sqam,low,1.522041769032847,1.1519402777424002,1.0,True,True
