category,lane,revision,codec,quality,assets,duration_seconds,encoded_bytes,kbps,encode_sum_median_ms,decode_sum_median_ms,decode_realtime
bandcamp,normalized,baseline,rgs,high,10,919.5415873015872,32758584,284.99926008680654,5107.092299997,574.558300002,1600.4321707621077
bandcamp,normalized,candidate,rgs,high,10,919.5415873015872,32758584,284.99926008680654,4994.048400005,490.595799997,1874.336444191349
bandcamp,normalized,baseline,rgs,medium,10,919.5415873015872,26044522,226.58700691441837,12828.330300006,590.730100002,1556.6188133946011
bandcamp,normalized,candidate,rgs,medium,10,919.5415873015872,26044522,226.58700691441837,10599.904399998,502.905099999,1828.4594594555028
bandcamp,normalized,baseline,rgs,low,10,919.5415873015872,24905016,216.67331934890953,14126.289100003,584.3986000049999,1573.4835560758015
bandcamp,normalized,candidate,rgs,low,10,919.5415873015872,24905016,216.67331934890953,10687.757900002,501.0345,1835.2859679355158
bandcamp,normalized,reference,pcm,default,10,919.5415873015872,162207576,1411.2038279943492,6.1337504229999995,6.432452604,142953.49595421398
bandcamp,normalized,reference,qoa,default,10,919.5415873015872,32758544,284.99891208732026,3270.132600006,235.762400013,3900.2893898725306
bandcamp,normalized,reference,ima,default,10,919.5415873015872,40700504,354.0938620900131,803.856999989,578.3268999860001,1590.0031406525395
bandcamp,legacy_import,baseline,rgs,high,2,141.30009375,5033816,285.00000906758066,710.2964,86.905399997,1625.9069488763382
bandcamp,legacy_import,baseline,rgs,medium,2,141.30009375,3812610,215.85888013609332,1714.395100001,87.699900001,1611.1773644940167
bandcamp,legacy_import,baseline,rgs,low,2,141.30009375,3791374,214.65655963161737,1861.349400002,86.962200001,1624.8449757293993
oculus_audio_pack,normalized,baseline,rgs,high,71,504.91131519274376,14525412,230.14595336537624,2242.212438204,293.286181102,1721.56530967664
oculus_audio_pack,normalized,candidate,rgs,high,71,504.91131519274376,14525412,230.14595336537624,2175.366498087,253.107709986,1994.847629179971
oculus_audio_pack,normalized,baseline,rgs,medium,71,504.91131519274376,11097356,175.83057722940862,6758.195004768,291.915561164,1729.6485092450464
oculus_audio_pack,normalized,candidate,rgs,medium,71,504.91131519274376,11097356,175.83057722940862,4937.567611356,252.82016754400001,1997.1164488088973
oculus_audio_pack,normalized,baseline,rgs,low,71,504.91131519274376,10946454,173.43963061428045,7447.159480481,290.012497276,1740.9984739803408
oculus_audio_pack,normalized,candidate,rgs,low,71,504.91131519274376,10946454,173.43963061428045,4956.655006144,252.12464210299999,2002.6258083352016
oculus_audio_pack,normalized,reference,pcm,default,71,504.91131519274376,71883848,1138.9540434055705,2.120281189,2.180194801,231590.00056378162
oculus_audio_pack,normalized,reference,qoa,default,71,504.91131519274376,14525128,230.14145356524972,1376.8388789,100.845121843,5006.79959491557
oculus_audio_pack,normalized,reference,ima,default,71,504.91131519274376,18092196,286.65938679696296,385.020849307,265.84142467099997,1899.2950997671333
oculus_audio_pack,legacy_import,baseline,rgs,high,71,504.9113541666667,14525420,230.14606235541757,2608.608236571,273.916373594,1843.304755907175
oculus_audio_pack,legacy_import,baseline,rgs,medium,71,504.9113541666667,10957170,173.60940544637683,6122.712614748,277.405148518,1820.122506247949
oculus_audio_pack,legacy_import,baseline,rgs,low,71,504.9113541666667,10931962,173.21000068287563,6387.675477608,277.13790295900003,1821.8776600953195
sqam,normalized,baseline,rgs,high,70,3517.0,125293760,285.00144441285187,10752.032900021,1964.543149999,1790.238101922979
sqam,normalized,candidate,rgs,high,70,3517.0,125293760,285.00144441285187,10568.611599969001,1706.497300021,2060.9467122841156
sqam,normalized,baseline,rgs,medium,70,3517.0,94399802,214.72801137332954,32344.51759999,1991.9842999759999,1765.5761644518855
sqam,normalized,candidate,rgs,medium,70,3517.0,94399802,214.72801137332954,21987.724599999,1731.482899971,2031.2068921147907
sqam,normalized,baseline,rgs,low,70,3517.0,94285230,214.4673983508672,33076.037599958,1994.918349993,1762.979422196573
sqam,normalized,candidate,rgs,low,70,3517.0,94285230,214.4673983508672,21982.864400018,1728.795350038,2034.3645648530314
sqam,normalized,reference,pcm,default,70,3517.0,620401880,1411.207005970998,22.355942406,22.930614681,153375.7402026444
sqam,normalized,reference,qoa,default,70,3517.0,125293480,285.0008075063975,7230.05050001,926.416566669,3796.348345373007
sqam,normalized,reference,ima,default,70,3517.0,155697256,354.15924026158655,2546.140799998,1900.321150004,1850.7398078438464
